id,latitude,longitude,timestamp,hilbert_value
07d58d8cdb084b8b8d5ecd12,38.7331591,-77.1926236,2020-09-23 22:10:18,1364
063c7a5244034e48922417bf,38.7335273,-77.1923178,2020-09-23 22:10:18,1364
ae210da468f24974ab94503b,38.7331716,-77.1916258,2020-09-23 22:10:18,1364
27643b3758a0476e883fd621,38.73531,-77.1900058,2020-09-23 22:10:18,1366
f1adf9b9ff9a4275a1b7bf52,38.7364147,-77.1899414,2020-09-23 22:10:18,1366
e88ea71e887442629601cfd4,38.7365527,-77.1900111,2020-09-23 22:10:18,1366
3bbf78b03fba43c496e974bf,38.7369503,-77.1899843,2020-09-23 22:10:18,1366
c8fb05fe51db4b188b33a9fe,38.7350045,-77.1900809,2020-09-23 22:10:18,1366
e60f4408fbde4d80aa8e8ddf,38.586486,-77.013185,2022-04-16 4:15:06,5480
287070676bc148cdba6ea7b0,38.586803,-77.014671,2022-04-16 4:15:06,5485
82fdb5a0d49345e697935c8b,38.587331,-77.016562,2022-04-16 4:15:06,5486
84b8255a852146f5b1167ac6,38.587404,-77.016799,2022-04-16 4:15:06,5486
6c85e9726aab4ae6a0d77dc8,38.594147,-77.014401,2022-04-16 4:15:06,5522
4b88c31580d340c48673e3b9,38.595016,-77.01484,2022-04-16 4:15:06,5522
40450e275da84f429896aee9,38.593278,-77.014536,2022-04-16 4:15:06,5522
6266cb05d874469786383580,38.590302,-77.015583,2022-04-16 4:15:06,5523
2a31029c70434cb7a31fa1d1,38.592093,-77.015009,2022-04-16 4:15:06,5523
d579c76f8f8f4293a8f66789,38.596834,-77.015887,2022-04-16 4:15:06,5534
01035279cac147269b11b8f0,38.59931,-77.017069,2022-04-16 4:15:06,5535
d4752551fc78470c8f0a0394,38.600126,-77.017069,2022-04-16 4:15:06,5535
9ffb1a0917ed48cdbdccf5c1,38.598572,-77.016799,2022-04-16 4:15:06,5535
a8c48a34ce07400c904d4295,38.602866,-77.015853,2022-04-16 4:15:06,5536
328004e32234490d854f8ddf,38.60197,-77.01663,2022-04-16 4:15:06,5536
410f95be66fe4313bf2c868a,38.601338,-77.016866,2022-04-16 4:15:06,5536
c05be147fd0740fb8f82c9e4,38.604077,-77.014975,2022-04-16 4:15:06,5538
4beb5d91dbb54e5c81f0a328,38.604789,-77.014671,2022-04-16 4:15:06,5538
fe7eb567a7a94774a5c23010,38.606185,-77.014165,2022-04-16 4:15:06,5544
a2de0f5c988c4f199a72854e,38.607001,-77.013827,2022-04-16 4:15:06,5544
d02a18b2cd34442ba300d06e,38.609688,-77.012543,2022-04-16 4:15:06,5546
87d355791dab44f5a2900e57,38.612743,-77.011429,2022-04-16 4:15:06,5717
9f43718bd2d046abb206b2de,38.618617,-77.01153,2022-04-16 4:15:06,5721
de8682a8c4fa44a9b53e268a,38.620355,-77.012577,2022-04-16 4:15:06,5722
e6f830bcbabb473da86ca07a,38.619855,-77.012104,2022-04-16 4:15:06,5722
fa830e3166f7488eb9fb4215,38.620856,-77.013118,2022-04-16 4:15:06,5723
b567049f65f747f8adc58cca,38.625728,-77.015313,2022-04-16 4:15:06,5730
eb1010d153504befb39112bb,38.624359,-77.015448,2022-04-16 4:15:06,5730
ca84be768f2243bd991a4c0b,38.623753,-77.015448,2022-04-16 4:15:06,5731
ada896401f214bb1875f7d6b,38.623042,-77.015245,2022-04-16 4:15:06,5731
718123b5272c480396bf3b68,38.622225,-77.014705,2022-04-16 4:15:06,5731
195d8b02484b4a77863fab12,38.621672,-77.014131,2022-04-16 4:15:06,5732
a46a69da209d4f1a8a5948c6,38.632129,-77.014975,2022-04-16 4:15:06,5740
5cef6510b9674ddbbeb49702,38.627704,-77.015144,2022-04-16 4:15:06,5741
9b95320d9efb47efb6f27bbf,38.627019,-77.015245,2022-04-16 4:15:06,5741
a2c765beb0bb477d928ec1bb,38.636764,-77.015549,2022-04-16 4:15:06,5778
421720863c194ac6b4c917f5,38.635711,-77.015414,2022-04-16 4:15:06,5778
0f85a968216c47c093157905,38.634446,-77.015144,2022-04-16 4:15:06,5779
f1ed7e819c584328804e38aa,38.63305,-77.014975,2022-04-16 4:15:06,5779
cc75e95474504b0f8abc2ef0,38.64248,-77.011767,2022-04-16 4:15:06,5786
e873d15681ce41ba9f3db5ed,38.641742,-77.013658,2022-04-16 4:15:06,5787
bd77e4a3e71348378a6f8a90,38.640399,-77.015076,2022-04-16 4:15:06,5788
6901cab930834e5ea1230f8a,38.640821,-77.014908,2022-04-16 4:15:06,5788
d92dc5b3a69940eeb4987ddb,38.641163,-77.014604,2022-04-16 4:15:06,5788
cd3b2144ab214855a971f021,38.638029,-77.015549,2022-04-16 4:15:06,5789
efcb902398e2441da6a1d4cc,38.639293,-77.015313,2022-04-16 4:15:06,5789
44d22a3983254c259f4cedef,38.659812,-77.013286,2022-04-16 4:15:06,6488
cd088310813d4cda9e03c64c,38.659233,-77.012476,2022-04-16 4:15:06,6489
c74fb8216c1347029efb96be,38.661682,-77.015414,2022-04-16 4:15:06,6492
229cc7c7cf2c477bb9226d73,38.660787,-77.014435,2022-04-16 4:15:06,6493
e7649f75502e4800865a49f2,38.663157,-77.017001,2022-04-16 4:15:06,6495
045fe021831e465685c5351e,38.662472,-77.01636,2022-04-16 4:15:06,6495
795fd3b9f30a4af58502deaa,38.667476,-77.014975,2022-04-16 4:15:06,6498
4c4702ef99af413bb5408df8,38.670084,-77.011902,2022-04-16 4:15:06,6505
93d4c6b0a74c41878f366138,38.664369,-77.017339,2022-04-16 4:15:06,6517
b499ec667a0d45609c366c2e,38.663737,-77.017305,2022-04-16 4:15:06,6517
c91f686969d54165b8adb2ac,38.664895,-77.017339,2022-04-16 4:15:06,6517
a13c94df43ec43bea9ca6303,38.665554,-77.017238,2022-04-16 4:15:06,6517
85db9874e52248febe23e594,38.8075437,-77.0990789,2020-12-07 22:09:08,8520
84a2558ef33a4254ac22a34b,38.8070337,-77.0969761,2020-12-07 22:09:08,8521
39178d63ec374a28a612d4d9,38.8077109,-77.1004093,2020-12-07 22:09:08,8525
ad01cacb00904946a7a0856c,38.807761,-77.1019328,2020-12-07 22:09:08,8526
1fc39ec6ea784678b35ffa13,38.8060889,-77.0916438,2020-12-07 22:09:08,8561
54c574f3e0284bebaeeca3df,38.8067076,-77.0951629,2020-12-07 22:09:08,8566
86a67d2e4bef442b89f766b5,38.8058548,-77.0880819,2020-12-07 22:09:08,8589
560899f51a22469b80ece319,38.8046258,-77.0675039,2020-12-07 22:09:08,8833
a25466ecbf2b4e6e8363f676,38.8049769,-77.0657981,2020-12-07 22:09:08,8834
039f292898584048a76c1ed5,38.8055288,-77.06406,2020-12-07 22:09:08,8840
9b18f7d88ffb4998b8ded782,38.8106119,-77.0567644,2020-12-07 22:09:08,8879
44f76271af074c5ca30ac4cf,38.8085135,-77.058878,2020-12-07 22:09:08,8883
caabfbbfae9845d3a444404c,38.8063899,-77.0621073,2020-12-07 22:09:08,8886
1e05e38b443d479e81b93f3b,38.807435,-77.0603156,2020-12-07 22:09:08,8887
e9ab99fd5d8942a790771c06,38.7913111,-77.0320497,2019-08-26 17:56:25,9745
c50a7243801b48be8adc7254,38.7914187,-77.0320098,2019-08-26 17:56:25,9745
a1ce7ff80d4f40818f5b95a9,38.7931409,-77.0318251,2023-07-28 5:13:46,9746
cc2d1a4fcfb24f958e6ff572,38.7921755,-77.0325518,2019-08-26 17:56:25,9746
ca31919631c04445ba1a5fa4,38.7924572,-77.0318172,2023-07-28 5:13:46,9746
733fc40a5eb045cbae4b4ef9,38.7921474,-77.0326645,2019-08-26 17:56:25,9747
0fc28d78ef3d46e49c79dff0,38.7927696,-77.0333056,2023-07-28 5:13:46,9747
9ef2a3d7981e45edbff96d7f,38.7927121,-77.0340553,2023-07-28 5:13:46,9747
b0cb65f8a76246e8a1116e8d,38.7928512,-77.028829,2023-07-28 5:13:46,9756
b70b672acc69494e924efa97,38.7928062,-77.0287767,2023-07-28 5:13:46,9756
71ff6437890044aa9994c7ec,38.7927686,-77.0306596,2023-07-28 5:13:46,9757
dd018cbb4b2d4d6d95371aa8,38.7936612,-77.0258548,2016-11-05 7:17:44,9762
be7f9d2600004bebbb55c9fc,38.7929327,-77.0266457,2023-07-28 5:13:46,9762
d111f2f658c3459e8caafa57,38.792962,-77.0262594,2023-07-28 5:13:46,9762
8e33d9aa1e9f4eaa96b7f3fd,38.7929149,-77.026529,2023-07-28 5:13:46,9762
fe41a1b2d8f74785b0c303ec,38.7933582,-77.0261159,2023-07-28 5:13:46,9762
ad8ef0f03edc46f8ba0801f8,38.7932907,-77.0268927,2023-07-28 5:13:46,9762
8b58b90170224eeaa32a7d6b,38.7926056,-77.0266846,2018-04-03 13:33:53,9762
af6f8047a6fc43f1b9377120,38.7942043,-77.0261552,2019-03-04 7:20:34,9762
4d5893e635a8426a969d5db0,38.7938165,-77.0259526,2019-03-04 7:20:37,9762
73b931c0a9cf48788e393964,38.7934306,-77.0257768,2020-12-02 0:58:00,9762
e15e16bca3be41bcb85d5408,38.7930958,-77.0256637,2016-11-05 7:15:52,9762
66659202172c416fba9a8254,38.7925317,-77.0281601,2020-06-22 16:02:48,9763
d5688cf70d16405ba816c00b,38.7925294,-77.0282058,2018-04-03 13:33:53,9763
b3d639acb3c54a77b4a7306e,38.7932126,-77.0283009,2023-07-28 5:13:46,9763
8d20cc3a9cac4e429c4f0268,38.7928334,-77.0280069,2023-07-28 5:13:46,9763
476376a10371418c9408db88,38.7928731,-77.0272103,2023-07-28 5:13:46,9763
4a05d9ad5b07432cae4b5f24,38.7932348,-77.0277334,2023-07-28 5:13:46,9763
75a9a9609b5f4a07bc171579,38.7929013,-77.0276113,2023-07-28 5:13:46,9763
91c563fc521143b382346491,38.7928679,-77.0283059,2023-07-28 5:13:46,9763
2f0626a1f0894d4f8eeb6d76,38.7951461,-77.0261993,2016-11-05 7:19:19,9767
40f24690be4d4761abc20316,38.7956562,-77.0262851,2016-11-05 7:19:19,9767
5bc940870f6a42b08533443e,38.7959697,-77.0264943,2016-11-05 7:19:19,9767
dde29b888dd6464d9205a777,38.7961859,-77.0262433,2016-11-05 7:19:19,9767
92ff7ccdb9724d7f8cb78b5e,38.7969418,-77.0244495,2016-11-05 7:19:18,9768
8c34d14b706c4b688b07fa86,38.7954901,-77.0245954,2016-11-05 7:19:19,9768
0f174f9f03b844a8bd3e4004,38.7958915,-77.0254365,2016-11-05 7:19:19,9768
5ba65b3fe0a04cfcaf7413f3,38.7965605,-77.0243035,2016-11-05 7:19:18,9768
4e79ca4563ff44349048f7c2,38.7964735,-77.0244924,2016-11-05 7:19:18,9768
776dba324bf34f9cb2fe8569,38.7966474,-77.0245782,2016-11-05 7:19:18,9768
dee08fc7cdc543c8a000f452,38.7991095,-77.0246758,2016-11-05 7:17:45,9769
3d29521097f04064a014cf4d,38.7992475,-77.0247562,2016-11-05 7:17:45,9769
b6ab8ec0841f46018a7b7d74,38.7990865,-77.0241715,2019-03-04 7:20:37,9769
e6b97b0db72e466b8fec88d2,38.7992432,-77.0248746,2016-11-05 7:17:45,9769
f8334ad0440a497dbfed222f,38.79949,-77.0246919,2016-11-05 7:17:45,9769
eb41e1a666804bf9b6f7f40c,38.7996196,-77.0244666,2016-11-05 7:17:45,9769
9a417023daad4c3795bd6ba9,38.7993562,-77.0242788,2016-11-05 7:19:18,9769
617db837b40e4ee597c775f1,38.7990662,-77.0247326,2016-11-05 7:19:18,9769
217e802ee13640bf941b6dcf,38.799398,-77.0248904,2016-11-05 7:19:18,9769
0f82faf0bce049d5ae3cba50,38.7995861,-77.0248689,2016-11-05 7:19:18,9769
3177b8215041499d86b49924,38.7997241,-77.0246275,2016-11-05 7:19:18,9769
185c342932e54247969b8578,38.7983194,-77.023796,2016-11-05 7:19:18,9770
50eee85fc05c4c28bc0db6ab,38.7991806,-77.0233454,2016-11-05 7:19:19,9770
56807c6a2b2245b6937b7b2f,38.7985261,-77.0240834,2013-10-26 4:15:33,9770
16de7ab2e6614b35bf4bc942,38.7989214,-77.0238979,2016-11-05 7:17:45,9770
2a00fb42a0d74358a7a1169f,38.7985368,-77.0239999,2016-11-05 7:17:45,9770
b16eff8febc840cebeaab8a1,38.798658,-77.0241501,2016-11-05 7:19:18,9770
8c1282740d194787a051a3e2,38.7982127,-77.0241061,2016-11-05 7:19:18,9770
18284888fef747f9bc1c2256,38.7992768,-77.0236512,2016-11-05 7:19:19,9770
224044802c7d47d7934cea35,38.7991513,-77.022766,2016-11-05 7:19:19,9770
28dc85ddf9374fdb91cfa9cb,38.7951837,-77.024134,2016-11-05 7:19:19,9771
b038e40dec6840f7b71ee30a,38.7948785,-77.0238228,2016-11-05 7:19:19,9771
915ff02cd3294bb29d3afc94,38.7946444,-77.0236941,2016-11-05 7:19:19,9772
828c2a6e4e984053ba000d2d,38.7940184,-77.0231534,2016-11-05 7:19:19,9772
7423fb686ea441f5b2097c44,38.7940005,-77.0232596,2016-11-05 7:17:44,9772
e241545049ad4342a014c775,38.7940904,-77.0235359,2019-03-04 7:20:37,9772
d0d460f7b9e14bdfac0beafc,38.794286,-77.0236083,2016-11-05 7:19:19,9772
20d6745504434da685a609fa,38.7934582,-77.025142,2023-07-28 5:13:46,9773
aff79eb88c5b40f78a7ceac9,38.7928319,-77.0249878,2021-01-25 18:14:34,9773
64b45d3777c147f6ae08ba97,38.7930922,-77.0250539,2023-07-28 5:13:46,9773
5dd832e4fba54dc9baeae8e8,38.7930442,-77.0250417,2023-07-28 5:13:46,9773
d68dfb8179b9487490f59630,38.792753,-77.0249678,2020-12-02 0:58:00,9773
accc32c8076041ecb0c72a31,38.7929646,-77.0250215,2021-01-25 18:14:34,9773
a917e8c8ce284181bfa622c2,38.7932189,-77.0250861,2021-01-25 18:14:34,9773
e045138b1075417b86962b2c,38.7930351,-77.0255513,2023-07-28 5:13:46,9773
af9de5bb960447e2b11ec3f3,38.7933464,-77.0251185,2021-01-25 18:14:34,9773
c05d98407f61482587cca060,38.7924813,-77.0248563,2016-11-05 7:20:16,9773
80305af7d4b9403fa5f4a13e,38.7927258,-77.0251775,2020-12-02 0:58:00,9773
d909ff9fe97b49679f45cacf,38.7874008,-77.0230858,2019-08-26 17:56:25,9776
0b7fa6c15e7045ca8b73d5ca,38.7888708,-77.0269412,2014-05-23 21:06:13,9780
0fafdf7137bc4df0afd10174,38.7887689,-77.0270426,2019-08-26 17:56:25,9781
849fcb9fe2af464299c6b381,38.7822742,-77.0210135,2019-08-26 17:56:25,9794
dc251a0847c54f30b44ecf05,38.7820235,-77.0205778,2020-01-06 21:06:55,9794
ee3e1aab73d048929c5c5686,38.7829708,-77.0217431,2019-08-26 17:56:25,9795
fd25f0d8d50c4d90908773a3,38.7863891,-77.0199546,2019-08-26 17:56:25,9799
7a1ebe7dc5e34e41b28545a1,38.7862965,-77.0185818,2019-08-26 17:56:25,9800
4e2d51b7d0ed47a989bb97bb,38.786251,-77.0174376,2020-01-18 20:05:27,9803
5fa1bccb632e45f5974752ee,38.7978237,-77.0194646,2013-10-26 4:15:33,9841
efaf798ccac2453cb1ba1031,38.7970419,-77.0192661,2013-10-26 4:15:33,9842
bb1747cb9bb74bb3963e87a7,38.7949891,-77.0196417,2013-10-26 4:15:33,9842
06fc25a835e84f9ca025e747,38.7948135,-77.0198562,2013-10-26 4:15:33,9842
65727c74b9bf494cbe990a96,38.7952316,-77.0194807,2013-10-26 4:15:33,9842
40e9298476e940d6b4e3eb37,38.7956497,-77.019352,2013-10-26 4:15:33,9842
059b2eb517cf4ca3bda34219,38.7963939,-77.0192554,2013-10-26 4:15:33,9842
d031d68201ca494599c75dff,38.7950486,-77.0197889,2016-11-05 7:19:19,9842
dad81b66b38b408da564065c,38.7959718,-77.0196172,2016-11-05 7:19:19,9842
6d85e63734c94ed5b7a58e7d,38.7956507,-77.0196172,2016-11-05 7:19:19,9842
f1dfc6513f9843958942c93c,38.7953162,-77.0196172,2016-11-05 7:19:19,9842
ae95fda8eb8a4ae3af2974e7,38.7946504,-77.0201352,2013-10-26 4:15:33,9848
4af34c9b0f8544a58239d842,38.7944811,-77.0204329,2019-03-04 7:20:33,9848
f89a69504a1341ce92908004,38.7943452,-77.0207735,2019-03-04 7:20:33,9848
650a9e3bc00244af8fe59e5b,38.7946109,-77.0212425,2016-11-05 7:19:19,9848
57512dcaf86243049a51ea54,38.7939898,-77.0222059,2019-03-04 7:20:37,9851
918b9f907c6940c5ab60d677,38.7940974,-77.0223082,2016-11-05 7:17:44,9851
4a7e2941dda14d04b44a9a52,38.7943161,-77.0217774,2019-03-04 7:20:37,9851
80dc87490e2149ce835dacd0,38.7940452,-77.0224668,2016-11-05 7:19:19,9851
c1f4f04f9e2343b4879223f4,38.7941194,-77.021664,2019-03-04 7:20:37,9851
f7a86ed242c04325b0b64c0e,38.7969564,-77.0199175,2016-11-05 7:19:19,9853
917065b3cabc4e01975c12a7,38.7972909,-77.0200946,2016-11-05 7:19:19,9853
8977778dd7a74866bd5ae88c,38.7966796,-77.0201337,2016-11-05 7:19:19,9853
9df66838e9a5461fb1f926e7,38.7964449,-77.0203168,2016-11-05 7:19:19,9853
deae13fbc6f84c61b217f942,38.7962528,-77.0200292,2016-11-05 7:19:19,9853
d18ef761aff6418590768d9e,38.7949684,-77.0200635,2016-11-05 7:19:19,9853
afe12e88f0484c22a5593c4e,38.7951022,-77.0205785,2016-11-05 7:19:19,9853
69ed70e877ba42f0b434a651,38.7950353,-77.0208188,2016-11-05 7:19:19,9853
2159cb5cd7974f04af344caf,38.7986348,-77.0199206,2013-10-26 4:15:33,9854
bea23725aec04cf29cb70b4b,38.7983695,-77.0215054,2016-11-05 7:17:45,9855
8024e25239b3462eb9ca3c35,38.7989047,-77.0221652,2016-11-05 7:19:19,9855
bd5a28de032c47019cf2d899,38.802307,-77.0217795,2012-11-25 3:54:15,9856
2f31dbb572154343b6ba6c97,38.8025333,-77.0221414,2019-03-04 7:20:37,9856
9cc9c734b34f4683a7843daf,38.8019397,-77.0216099,2010-02-18 2:31:19,9856
a53e7d80e496478daa8488f7,38.8022752,-77.0214751,2012-11-25 3:53:52,9856
d60e7c864104435ba742ce9a,38.8012164,-77.0215353,2013-10-26 4:15:33,9856
a0b0bb3337964e52b3984981,38.8019103,-77.0212779,2012-11-25 3:54:20,9857
9f011dec842e4af7a0a9e1f3,38.8011183,-77.0211854,2021-01-25 18:14:34,9857
f524d041d40a478198120e2b,38.8012668,-77.0212621,2021-01-25 18:14:34,9857
6dfc872e95bb43c993494f2d,38.8017706,-77.0211865,2017-01-26 16:47:41,9857
f859ea90aae74ddeb714d548,38.8000813,-77.0208916,2019-03-04 7:20:37,9857
f0ec215989044c24a3584638,38.8031776,-77.0204545,2013-10-27 16:03:32,9858
d80a92181d29407b836ab258,38.8029289,-77.0201353,2013-10-27 16:03:32,9858
90fa4fb1a6eb4dc3b5aeab56,38.8050852,-77.0205013,2016-04-26 12:29:49,9858
8e8a898147444a4da2a5fcf7,38.8050518,-77.0207481,2016-04-26 12:29:49,9858
356fab6807a44d40907bed30,38.803349,-77.0209239,2013-10-27 16:03:32,9858
926d7e03c51d47c4b4d6d1f9,38.8041693,-77.0224178,2012-11-25 3:54:14,9859
2976be90f62d4f4e934bb53e,38.803145,-77.0221183,2012-11-25 3:54:15,9859
e8a61ee6bba349d5aacbbe4f,38.8040071,-77.0221351,2012-11-25 3:54:13,9859
9b123a5984be4642a659a688,38.8026583,-77.0216585,2012-11-25 3:54:20,9859
39c4525e959b4ddbb6aa61ca,38.8047648,-77.0225344,2012-11-25 3:54:14,9859
ea9a7cc4a2e0400da96a67fc,38.80388,-77.0218359,2013-10-27 16:03:32,9859
936402b943594bc0aae3fea0,38.8048882,-77.0220634,2019-03-04 6:49:04,9859
404436edff51405691e49090,38.8046888,-77.022522,2012-11-25 3:54:14,9859
7ae39f5c8bd0442f8b88398c,38.8027388,-77.0219617,2012-11-25 3:54:15,9859
5600b74ce0304589be475aed,38.8049075,-77.0225526,2012-11-25 3:54:14,9859
0f44c69f5ef742348a76b815,38.8032362,-77.021463,2013-10-27 16:03:32,9859
6688e89771c54d04bca76194,38.80342,-77.0219686,2012-11-25 3:54:13,9859
84b21705b1a04aa69811075a,38.8037223,-77.0220565,2012-11-25 3:53:52,9859
8bdca022406c4d0eaf1f28cb,38.8042288,-77.022187,2012-11-25 3:53:52,9859
cdb5b035422643b4954d3742,38.8035999,-77.0217339,2013-10-27 16:03:32,9859
f72fd23bc2c04f8f90d44288,38.8032194,-77.0215945,2013-10-27 16:03:32,9859
afb986f86b524a46bd43f8d7,38.80516,-77.0225818,2012-11-25 3:54:14,9859
c05db270a3c944caa825ec9b,38.8044162,-77.0224738,2012-11-25 3:54:14,9859
2428dd88bf654672a9e21f19,38.8042708,-77.0219351,2013-10-27 16:03:32,9859
e7eeca8fe60d464a9b8d15cb,38.804691,-77.0220344,2013-10-27 16:03:32,9859
61be39c79caa48838ca6252e,38.8048788,-77.0223087,2012-11-25 3:54:14,9859
fd49a9ffd22b41acb469e8e6,38.8045267,-77.0222505,2012-11-25 3:54:13,9859
06bcb07d1b8149f380942a93,38.8034397,-77.0224235,2019-03-04 7:20:33,9859
e04703e20f0e40f2b4cf649a,38.8045963,-77.0225039,2012-11-25 3:54:14,9859
c5acb15002e641cc827ce347,38.8043503,-77.0226573,2019-03-04 7:20:37,9859
ce0e1ad254c54ca990cafae0,38.8038857,-77.0223494,2012-11-25 3:54:15,9859
b88081ab48534f85822c9dd3,38.8050522,-77.0223331,2012-11-25 3:54:12,9859
651e061e907e4bc090e37ea7,38.8033207,-77.0221762,2012-11-25 3:54:15,9859
0a64d589d4a34203a9f72547,38.8049978,-77.0225636,2012-11-25 3:54:14,9859
d98e5c3e634643578c33916e,38.8047281,-77.0227005,2010-07-11 2:31:09,9859
96cf87a4ccf24504b13d885c,38.8056851,-77.0223824,2012-11-25 3:54:14,9860
e1cee6017af44059986b87c5,38.8059572,-77.0220802,2010-07-11 2:47:09,9860
70f58f8610b6481ba3373187,38.8057971,-77.0226312,2012-11-25 3:54:14,9860
c0653be936304f41a4dd0779,38.8056679,-77.0226262,2012-11-25 3:54:14,9860
620e2c5cea3a4eceb63a050e,38.8054147,-77.0226048,2012-11-25 3:54:14,9860
0e41adb4fe6e4cac84319111,38.8058631,-77.0216909,2010-07-11 2:46:34,9860
e5d23ff7fadf4f4089c0bf6b,38.806091,-77.0221961,2010-07-11 2:43:47,9860
a2a7e919b9aa46328f1267ee,38.8068962,-77.0220945,2018-04-03 13:29:29,9860
ebccfc961eb14894a99c0583,38.8060321,-77.0220376,2016-11-05 7:19:18,9860
bbfcd851bf3e4724b4f33f54,38.8052135,-77.0223488,2012-11-25 3:54:14,9860
406f3b4bdd874296bd5a8a02,38.8054411,-77.0223688,2012-11-25 3:54:14,9860
f7b12c2802fe4fbaa68e188a,38.8051678,-77.0221126,2010-07-11 2:44:19,9860
973b975626bb42d3ae37b4ba,38.8059543,-77.0223916,2012-11-25 3:54:14,9860
a3f74461280a43d88bf3dec4,38.8067714,-77.0222005,2010-07-11 2:45:41,9860
288f9408d6e4453f8bf7ab0b,38.8068392,-77.0221428,2010-07-11 2:28:12,9860
ec64debfd525412ebafce081,38.8058094,-77.0215208,2010-07-11 2:48:37,9860
a008ef41748f4c6c9461f769,38.8062566,-77.0223922,2012-11-25 3:54:14,9860
7adbff6cf53749e283db6fbc,38.8061638,-77.0221752,2010-07-11 2:50:52,9860
8ab107d1d70c429aa75a20ba,38.8062399,-77.0221537,2010-07-11 2:29:34,9860
5453421baa5043c790e88093,38.8075771,-77.0221149,2016-11-05 7:19:17,9860
929faad89c794a86ad21c0a7,38.8066212,-77.0223923,2012-11-25 3:54:14,9860
6a6ed4989ed04b6999607d26,38.8067694,-77.0223923,2012-11-25 3:54:14,9860
3c7a223b8a8c46038e524933,38.8057611,-77.0214695,2010-07-11 2:50:27,9860
4d696ee46ac547a5bb900c1c,38.8057434,-77.0221809,2010-07-11 2:49:13,9860
7dd6ae4b62ea4b72b33c5149,38.8064054,-77.0221547,2010-07-11 2:48:43,9860
c799b76f57754afeba756bb0,38.8068328,-77.0221907,2010-07-11 2:33:02,9860
743c9461ec134c6b8962b1ee,38.8059116,-77.0226284,2012-11-25 3:54:14,9860
f68ce4698b304edc8f181f30,38.8068509,-77.0221688,2010-07-11 2:34:47,9860
175b87e394a94ba491cea3bc,38.8072703,-77.0218307,2010-12-04 17:06:50,9860
2410ecc7ab74444ebbf7944d,38.8067711,-77.0226253,2012-11-25 3:54:15,9860
d6045e264cbf400181023772,38.8076891,-77.0223801,2023-04-17 5:03:00,9860
0fd916525ba4487aad858004,38.8058532,-77.0215028,2010-07-11 2:41:34,9860
cf484d9d17ea41adaaa26e21,38.8059768,-77.022096,2010-07-11 2:53:14,9860
26a5eaf5d9ec4434bce4a352,38.8058861,-77.0218329,2010-07-11 2:52:28,9860
87f44753b2c54543bf77c3d1,38.805775,-77.0214219,2010-07-11 2:30:47,9860
60f6d96ecb8b4f3ca89644fb,38.8054374,-77.0221476,2010-07-11 2:36:49,9860
1973e582312745eaba16d613,38.8062076,-77.0221867,2010-07-11 2:36:13,9860
31b74d6acc6a44bea4fbd5ce,38.8059403,-77.0220436,2010-07-11 2:42:02,9860
13af66d3580049fca731feee,38.806164,-77.0226329,2012-11-25 3:54:14,9860
22f0dbefb01f4207b6573579,38.8058862,-77.0215623,2019-03-04 6:49:01,9860
ec8c241f0a82461c8c3d048a,38.8075529,-77.0222819,2018-04-03 13:29:29,9860
1679a34f71734bbaac5d3e05,38.8063593,-77.0226283,2012-11-25 3:54:14,9860
99ae715c1f3448b3ab8d6d4e,38.8076903,-77.0226131,2023-04-17 5:03:00,9860
730b37a2e24048ce9a865b1f,38.8060353,-77.0221937,2019-03-04 6:49:01,9860
179952a6d34f42a5bbc181b0,38.8057721,-77.0215044,2010-07-11 2:43:01,9860
baf32da7022c4491ac92a68d,38.8069133,-77.0222844,2018-04-03 13:29:29,9860
6880ef94780c4f1389f6736d,38.8069143,-77.0227288,2018-04-03 13:29:29,9860
3db9367bf05a467dacd0ff85,38.8075539,-77.0227263,2018-04-03 13:29:29,9860
b6cc335724c94731bf20d95d,38.8101175,-77.0221983,2023-04-17 5:03:00,9861
38865ea57a7b40c0adf8cfd0,38.8095234,-77.022132,2019-03-04 6:49:04,9861
78bbb6b02a9248e7b7d04307,38.8103282,-77.0221374,2023-04-17 5:03:00,9861
b2455adfd7b7437cace4515e,38.8100062,-77.0219345,2010-07-11 2:31:38,9861
4a5432eaa643460e934be8be,38.8098986,-77.0222549,2023-04-17 5:03:00,9861
2ebe152d5ee744a8a6773342,38.8096812,-77.0223007,2023-04-17 5:03:00,9861
1251b39e02e245fd9d6c0d63,38.8094678,-77.0223318,2023-04-17 5:03:00,9861
37a2c16975344595a42c7bfe,38.8092468,-77.0223567,2023-04-17 5:03:00,9861
814128ad1d98473e9bb93c7b,38.8090317,-77.0223713,2023-04-17 5:03:00,9861
d791120e03874c5780d0248c,38.8088097,-77.0223788,2023-04-17 5:03:00,9861
1e435e77b8b54a049d7e3ea8,38.8098828,-77.0220871,2009-10-04 13:55:11,9861
0a7207f5dcdf4aa0933f8372,38.8102265,-77.0221679,2023-04-17 5:03:00,9861
749d934967dd4f80a3896031,38.8087671,-77.0226152,2023-04-17 5:03:00,9861
504ceaff264646a6be22dfee,38.8088792,-77.0226125,2023-04-17 5:03:00,9861
ae0e6e340efc4a05b7a55e1e,38.8089865,-77.0226099,2023-04-17 5:03:00,9861
43900663b8b64df7882d12c5,38.8090985,-77.022603,2023-04-17 5:03:00,9861
7e438691c1584f21a88a892c,38.8092074,-77.0225958,2023-04-17 5:03:00,9861
64a89e3818f847e88beb99f1,38.8093193,-77.0225855,2023-04-17 5:03:00,9861
806de70aeaae4fe7b54eefac,38.8095368,-77.0225624,2023-04-17 5:03:00,9861
2a68479ba4bc497183487da1,38.8097534,-77.0225255,2023-04-17 5:03:00,9861
0edbc48b424d47d0bb6d5f5e,38.8099714,-77.0224782,2023-04-17 5:03:00,9861
2c570b86e43b416e9e1f9b1a,38.8101856,-77.0224216,2023-04-17 5:03:00,9861
77b8456f2fc14969bfd92e8a,38.8102722,-77.0218505,2010-07-11 2:31:46,9861
1113cbb0b9f5438da5dbb104,38.8100136,-77.0222266,2023-04-17 5:03:00,9861
75051bcd0dfa40ee9e84798c,38.8097934,-77.0222796,2023-04-17 5:03:00,9861
1ea0e437b35d4d3fb5f98c95,38.8101063,-77.0219382,2010-07-11 2:50:43,9861
e08affc1a1974c81a2a95613,38.8091412,-77.0223657,2023-04-17 5:03:00,9861
026d5de623614965a754dbc8,38.8103952,-77.0218286,2010-07-11 2:50:13,9861
01d0b9718b944baf97704456,38.8093558,-77.0223453,2023-04-17 5:03:00,9861
5a961247c1fd44bb8d41a0e1,38.8095717,-77.0223176,2023-04-17 5:03:00,9861
64624a59ace940ad86723f69,38.8085915,-77.0223844,2023-04-17 5:03:00,9861
b554ca18d52846eb90fc1470,38.8099833,-77.0219053,2010-07-11 2:51:44,9861
ea837b67b2a142d39bb396fa,38.8101921,-77.0218834,2010-07-11 2:37:39,9861
dcf34c1777e649c3a365b6c3,38.8102265,-77.0218505,2010-07-11 2:44:13,9861
a3a314d771554c749fc20d81,38.809969,-77.0218687,2010-07-11 2:44:03,9861
2e8db8d061a04a74b4fabf67,38.8102551,-77.0218323,2010-07-11 2:36:42,9861
c9bb089d23ac4eb48372e5a7,38.8100348,-77.0219419,2010-07-11 2:44:47,9861
38e2ddb3ff594802850cfa8b,38.8100451,-77.0219413,2010-07-11 2:43:15,9861
ace23094529e4cd5b8971f74,38.8094291,-77.0225738,2023-04-17 5:03:00,9861
4c99bfbfaa3d462596056a2e,38.8104025,-77.0226524,2011-11-01 5:00:25,9861
fac44ade7d9c422f8948e6c1,38.8101435,-77.02192,2010-07-11 2:45:05,9861
3895c1201b08486ba944676b,38.8099011,-77.0214693,2010-07-11 2:45:08,9861
17c92e5edcdf449db9bb102b,38.8096446,-77.0225445,2023-04-17 5:03:00,9861
d92818283d41438abab61662,38.8098631,-77.0225026,2023-04-17 5:03:00,9861
100dc32605094e069ce60ca3,38.8100794,-77.0224507,2023-04-17 5:03:00,9861
22a12c91a5644616b9cb7047,38.810296,-77.0223895,2023-04-17 5:03:00,9861
091d2f5bebf746069a5592bc,38.809948,-77.0217008,2010-07-11 2:41:54,9861
73e2484de74140dea898344c,38.8103008,-77.0218615,2010-07-11 2:27:49,9861
0a7bb646439d47de85fa012d,38.8100691,-77.0219455,2010-07-11 2:29:15,9861
748f6bfdc82b4de793b455f1,38.8090046,-77.0221251,2019-03-04 6:49:01,9861
f42a42802557492e897b6dd1,38.8103609,-77.0218469,2010-07-11 2:29:09,9861
9f5b31fea22741079b39f596,38.8099567,-77.0218551,2010-07-11 2:28:44,9861
ca7afe239dd342b98d4e7ec9,38.809885,-77.0213508,2010-07-11 2:41:42,9861
76b38f69872e477286b05f01,38.8102135,-77.0207903,2010-07-11 2:30:20,9862
71025aaa582143b1a585a66d,38.8101668,-77.0206334,2010-07-11 2:34:52,9862
ca9fcb2313664e6ab0a53f7c,38.8101107,-77.0204733,2010-07-11 2:51:46,9862
cc3fba6bda364a6a8ed2f1a1,38.8097637,-77.0206324,2010-07-11 2:43:05,9862
b823810796994d4bacd1de7c,38.8102744,-77.0209357,2010-07-11 2:31:49,9862
a9c49e4f03e14404949c4f58,38.8103402,-77.0210751,2010-07-11 2:37:01,9862
6a440e95264d47f8acc0f22a,38.8102336,-77.0205543,2010-07-11 2:43:19,9862
73cbb5d4e8d7430ea20ed011,38.8101719,-77.0206036,2010-07-11 2:42:30,9862
31e8cd13ddf949e9ac8cc63f,38.8103728,-77.0210849,2010-07-11 2:30:31,9862
d682f724fb00411e97c066d9,38.8101424,-77.0208424,2010-07-11 2:27:25,9862
a06652ae5ce04863ba8520bc,38.8098812,-77.0212339,2010-07-11 2:51:35,9862
b182b41f3c914951aed1bce9,38.809842,-77.0210135,2010-07-11 2:45:09,9862
472391d92c18430fbe85d94a,38.8101056,-77.0206498,2010-07-11 2:28:45,9862
d704f79e40be46a6863d7093,38.8101204,-77.020752,2010-07-11 2:32:54,9862
e395169c72e3452e81b2ed4c,38.8103208,-77.0209698,2010-07-11 2:41:08,9862
1bad2feaeb264b52885dca27,38.8102845,-77.0210407,2010-07-11 2:32:01,9862
8b03704122e547f484df53a1,38.8096706,-77.0200374,2010-07-11 2:41:32,9862
9f58a05298b44fb59bda31d8,38.810153,-77.0209086,2010-07-11 2:45:32,9862
8506937c23104552889e773d,38.8102355,-77.0204316,2010-07-11 2:34:09,9862
e6ff058aed284a958f8318f2,38.8103884,-77.0203966,2010-07-11 2:48:42,9862
2ab62f74765d4e88a819c7f3,38.8096926,-77.0202357,2010-07-11 2:53:09,9862
559b0c97d22a4bb4bf4fe72c,38.8097302,-77.0203941,2010-07-11 2:53:00,9862
faf2f9a0eb164b26b97aece0,38.8102005,-77.0205714,2010-07-11 2:35:44,9862
e30f50b86153408cb8e70e4f,38.8095836,-77.0203725,2016-11-05 7:19:17,9862
a3041a450eaa4cb3a2bae474,38.8100788,-77.0205653,2010-07-11 2:30:10,9862
441d8fc11dce44bb892129ec,38.8098232,-77.0208637,2010-07-11 2:52:34,9862
0bf023d904c94fcd8f5b0551,38.8102518,-77.0208872,2010-07-11 2:36:47,9862
32c0278ebdf74cbabaff16ac,38.8058907,-77.0204633,2019-03-04 6:49:01,9863
7199dae1e6b846ff9b697ddc,38.8052733,-77.0204638,2016-04-26 12:29:49,9863
538edcedd478432fbb78d371,38.8060203,-77.0209846,2019-03-04 6:49:01,9863
24103191a0f3491bae431863,38.805382,-77.0209251,2016-04-26 12:29:50,9863
a903837bdc9b4b4c886c6389,38.8055032,-77.0210538,2016-04-26 12:29:49,9863
79d0f3de92c1471590acdb15,38.8056997,-77.0210217,2016-04-26 12:29:49,9863
a555627807e44c779c207b4a,38.8056328,-77.0205979,2016-04-26 12:29:49,9863
0ba3eada86db4eb280b6ae75,38.8053862,-77.0206301,2016-04-26 12:29:49,9863
8db66a4e15d547a0847b9945,38.8055116,-77.0206944,2016-04-26 12:29:49,9863
df0f591d3c394dcf8c4014d1,38.8058697,-77.0212255,2019-03-04 6:49:01,9863
700f8ef8eba64d388888462f,38.8059388,-77.0206691,2019-03-04 6:49:01,9863
92ccb25298ac4789815fcafa,38.8058416,-77.021226,2010-07-11 2:46:47,9863
18354ef02c114b648df36c2d,38.8058783,-77.0210292,2010-07-11 2:28:16,9863
e57d9e20fb5b4f0ab1a4ef67,38.8058406,-77.0204197,2013-10-27 16:03:32,9863
81f33ce7f7db4efea365b2e8,38.8052877,-77.020001,2016-11-05 7:17:45,9863
eb9f49682c3e439a95c5d5fc,38.8059323,-77.020796,2010-07-11 2:48:15,9863
a4b039cda6964887b547cdd1,38.8059246,-77.0208967,2010-07-11 2:48:50,9863
5f34a3f19e074234925ffebb,38.8057821,-77.0202878,2019-03-04 6:49:04,9863
866ee7781f794a49bd22b336,38.8060579,-77.0208159,2019-03-04 6:49:01,9863
9bfaf82d353a46e1938b25ba,38.8058365,-77.0212964,2010-07-11 2:37:23,9863
f8642021d95946789887d110,38.8059088,-77.020754,2010-07-11 2:51:32,9863
865b62c0f6cd4caba4926cda,38.8073776,-77.0191883,2010-12-04 17:06:40,9864
65aa55a19c454c269dc530ff,38.8102834,-77.0196243,2010-07-11 2:36:03,9865
fe6d271322fd471295283899,38.8095864,-77.0191644,2010-07-11 2:30:55,9865
0f2aeab5aacc4542849fe601,38.8101486,-77.0188123,2010-07-11 2:35:04,9865
b4306314adca46e6870346c3,38.8101314,-77.0196054,2010-07-11 2:37:30,9865
3366bd37a13a497e88d9a18b,38.8101031,-77.0194729,2010-07-11 2:41:50,9865
401080e6cb6d4df2b9619b2a,38.8095502,-77.0188719,2010-07-11 2:43:55,9865
c56064ed218a4d92910d8996,38.8102777,-77.0198397,2010-07-11 2:29:22,9865
3f0d5a85a9504cad95ccaa91,38.8096086,-77.0193869,2010-07-11 2:29:48,9865
425de90af0754ea38af5c5e4,38.8101159,-77.0195481,2010-07-11 2:32:24,9865
a1bcdeb061974ea58952ca6d,38.8103812,-77.0196657,2010-07-11 2:45:30,9865
08afb2d441a54ae2bc85d4a5,38.8101563,-77.0196599,2010-07-11 2:44:57,9865
7b774f685628433c8bb3cb15,38.8099929,-77.0185837,2010-07-11 2:31:38,9865
ebbe89229e3b462681c4e338,38.8100634,-77.0185735,2010-07-11 2:33:17,9865
66675ef03c6d4a6e90b90eeb,38.8096096,-77.0195183,2010-07-11 2:28:02,9865
36b60c41b3874bbfbc4a01c2,38.8101895,-77.0191936,2010-07-11 2:44:29,9865
3d569ac3badf408a9eca974c,38.8100811,-77.019086,2010-07-11 2:44:03,9865
6e0101bba9e2454390cde567,38.8096162,-77.0196253,2010-07-11 2:34:32,9865
7f3ccd199f5245a8844bc1b9,38.8102014,-77.0194784,2010-07-11 2:43:36,9865
6f4f77ff824344718f6a88fe,38.8095967,-77.0192484,2010-07-11 2:42:48,9865
323dafb5d9204446b9790f35,38.8101116,-77.0186346,2010-07-11 2:42:41,9865
e35cb4ed9ce44217add87dde,38.8095641,-77.0190366,2010-07-11 2:27:55,9865
8fa7e7a0360e44aa9e67e587,38.8096373,-77.0198083,2010-07-11 2:27:53,9865
b34a12e64cca4b1cbb1b74d6,38.8103874,-77.0198635,2010-07-11 2:33:44,9865
ec356034230a40b99b6fb8ca,38.8100082,-77.0186529,2010-07-11 2:51:44,9865
c4a0e81bc5c84e4391dd5a52,38.8100004,-77.0185539,2010-07-11 2:40:48,9865
07f4381889fc4b56a4ce0884,38.8095003,-77.0179274,2010-07-11 2:31:26,9866
cf737f62bb57438eb5b68f5a,38.8094305,-77.0172566,2010-07-11 2:35:22,9866
c8045b3b35db4b37bc8ee671,38.80947,-77.017677,2010-07-11 2:37:47,9866
2d635ab5a50c458fa59cf0bc,38.8094542,-77.0174734,2010-07-11 2:51:28,9866
dc9f6287d87042939d3550e7,38.809383,-77.0178834,2016-11-05 7:19:17,9866
65ccd9aa537649628ee1eaa5,38.8095116,-77.0182027,2010-07-11 2:32:03,9866
44f51beb853d48179f0ffedd,38.8041726,-77.0184559,2016-11-05 7:17:45,9868
79851cf3b91b4798994bda9d,38.8031473,-77.0172252,2013-10-27 15:52:20,9868
3cbc996d04a04468836fe66e,38.8032142,-77.018298,2013-10-27 15:52:20,9868
2429ee334f8348dda07b06b3,38.8047486,-77.0197117,2016-11-05 7:17:45,9869
4a43eaa3415d4947ad1137c3,38.8041726,-77.0194026,2016-11-05 7:19:18,9869
c90f1831b46c46b1b68d290a,38.8029916,-77.0186145,2016-04-26 20:38:01,9869
c00f2b4e223c4b1e96e366c9,38.8026864,-77.01851,2013-10-27 16:03:32,9869
fd068a7313ce449cb3d92919,38.8028035,-77.019033,2013-10-27 16:03:32,9869
60f93aa7e56a47c7891389ac,38.8026091,-77.0195614,2013-10-27 16:03:32,9869
d2089e9af153406ab8870ec3,38.8046722,-77.015707,2013-10-27 16:03:31,9873
13070e5a4b944bb795541cf1,38.8042604,-77.0162193,2013-10-27 16:03:31,9873
6581344915a54a6ba743c6f6,38.8034985,-77.0161094,2013-10-27 15:52:20,9873
efe8e7f2f5af4ab0b5d5e576,38.8036072,-77.0159055,2013-10-27 15:52:20,9873
fdbdc181f7534462ad094df3,38.8039552,-77.0166565,2013-10-27 16:03:32,9873
06a5c98d745a43efa4ba86f6,38.8038444,-77.0167504,2013-10-27 16:03:32,9873
c1bf0954ba77411793682c2b,38.8038841,-77.0169543,2013-10-27 16:03:32,9873
462728075381469dad8a11de,38.8034159,-77.0170079,2013-10-27 16:03:32,9873
25fc42494d6944b89ea3094d,38.8036249,-77.0166646,2013-10-27 16:03:32,9873
5e61aac762114cf6b04dbe50,38.8035999,-77.0163615,2013-10-27 16:03:32,9873
3085a554a71045199d052d9b,38.8049084,-77.0157548,2016-11-05 7:19:18,9873
98d2e8b62d8b4a03afee829e,38.8044736,-77.0162269,2016-11-05 7:19:18,9873
729efc8378d54074acdbb51a,38.8041726,-77.0169994,2016-11-05 7:19:18,9873
b037c06aa5c04ee3a6646b73,38.8049878,-77.0154013,2013-10-27 16:03:31,9874
ba832f8c4bec4cf1a260fe24,38.8048394,-77.0151169,2013-10-27 16:03:36,9874
99a57efc18264aa093b66b73,38.807129,-77.013712,2016-11-05 7:19:18,9880
2a1b7cbc863348259d3d0d57,38.8074835,-77.0134374,2016-11-05 7:19:18,9880
9620f105b2d84cf8a9e68456,38.8100579,-77.0115146,2013-10-26 4:15:32,9882
11070e2f5cb847edbb91bab6,38.8100216,-77.0118016,2010-07-14 22:55:59,9882
95128241f8d441898bc06a48,38.8103247,-77.012154,2010-07-14 22:56:06,9882
4beec0c3d8d6451aac61f883,38.8096482,-77.0125767,2013-10-26 4:15:32,9882
fca73d5068014026bf7338ae,38.8091478,-77.0127699,2016-04-26 12:29:52,9882
4e3dc7596dc043038a749e83,38.8093234,-77.0124694,2016-04-26 12:29:52,9882
4d287667047345cd9ef6d6b2,38.8095428,-77.0120912,2010-05-06 3:15:13,9882
802774764b2448a48d1a9120,38.8096661,-77.0117881,2016-04-26 12:29:52,9882
03f84f3fec89439ea7002a8c,38.8097162,-77.0116165,2016-04-26 12:29:52,9882
555a889cc41e4f06bc904dec,38.8088322,-77.0132017,2016-04-26 12:29:52,9883
29a648e81a3f43c084ec167a,38.8081189,-77.0134374,2016-11-05 7:19:18,9883
4c9573ba4edd4a1990edf915,38.8090881,-77.0134565,2013-10-26 4:15:32,9883
985da050c5e94302975b383b,38.8086148,-77.0140251,2010-05-06 3:15:13,9883
83a49e717afc4c449ad73b11,38.8088546,-77.0148536,2016-11-05 7:19:18,9884
c229e07a520742498a02d99f,38.8086892,-77.0145352,2016-11-05 7:17:44,9884
01c940d49b3a4fd19871d2b7,38.8103655,-77.0150472,2010-07-11 2:47:04,9884
95db9f1af0f84d7b91585a51,38.8103505,-77.0148727,2013-10-26 4:15:32,9884
8b60995911ab49479204955c,38.8085419,-77.0142517,2016-11-05 7:26:41,9884
751ad34f14bb4c4eba579db5,38.8092224,-77.0154458,2016-11-05 7:19:17,9884
63d7918859594e499aea5d0f,38.8059451,-77.0150853,2016-11-05 7:19:18,9885
ece9b81fb0a4462e80d9d372,38.8065805,-77.0142957,2016-11-05 7:19:18,9885
78bf0477580a4fe29677b18b,38.8062127,-77.0148107,2016-11-05 7:19:18,9885
1277bb9530e5426e906368e2,38.8094106,-77.0168504,2010-07-11 2:41:47,9887
f664f338d5ea4de9b9c9628c,38.8077851,-77.0167387,2010-12-04 17:07:12,9887
b7df35d5d59445a3a7de91cd,38.809353,-77.016439,2010-07-11 2:28:47,9887
acbb183a25954fb894fee5e7,38.8093549,-77.0164157,2010-07-11 2:35:35,9887
8df6f3776b444e83bc01ee1f,38.8093959,-77.0163272,2010-07-11 2:29:31,9887
eb04f52b09544dbfac9e53bc,38.8094148,-77.0169918,2010-07-11 2:47:49,9887
8621737066ba4ab58136b966,38.8092733,-77.0162189,2016-11-05 7:17:44,9887
0b89b8a3d9374571851138c0,38.8093998,-77.0162839,2010-07-11 2:45:36,9887
8060be890cbf4be38d411fd1,38.8093869,-77.0166558,2010-07-11 2:28:43,9887
ccadf9c91d5e4e1f86f0d2bf,38.811285,-77.0162314,2010-07-11 2:47:24,9888
8db213771404498eaff70a86,38.8123132,-77.0158788,2020-01-22 9:44:15,9888
6540cfd8b98849209a16e370,38.8127773,-77.0164708,2010-01-12 4:23:44,9888
8165a74bcce241fb94f153b6,38.8127355,-77.016507,2010-01-12 4:23:44,9888
dd3076ff93a14d2eb2b6f497,38.8127834,-77.0166573,2018-03-06 7:31:55,9888
356d9e929fb7488da38a5c77,38.8130026,-77.0168807,2010-01-12 4:23:44,9888
b8b2f4bb497a4d9d89824754,38.8127855,-77.0164186,2020-01-22 9:44:15,9888
7fb4a536c9ce442e96afd53b,38.8125603,-77.016149,2020-01-22 9:44:15,9888
31d33152ed214aa899b8527e,38.8123194,-77.0160538,2018-03-06 7:31:55,9888
6a8a219e4bcf4df89f9b775b,38.8118575,-77.0166439,2018-03-06 7:31:55,9888
d6234fb03758452b9c575e98,38.8110957,-77.0159644,2010-07-11 2:33:45,9888
6e434342c3bd4867ba28e0b2,38.8127452,-77.0164639,2010-01-12 4:23:44,9888
cd07b44478c84b9280ff7768,38.8116758,-77.0167555,2010-07-11 2:41:28,9888
127feeac8d214d398d344ec8,38.8116138,-77.0164794,2010-07-14 22:56:02,9888
f1be575c9c194c4da35c680f,38.8109787,-77.0158634,2010-07-11 2:46:54,9888
967dccebda9946e287dd63fb,38.8130102,-77.0166861,2020-01-22 9:44:15,9888
f8f7604b621e4a5eb1922f26,38.8127285,-77.0164798,2010-01-12 4:23:44,9888
578b569105424deb924f980e,38.8110143,-77.0157126,2010-07-14 22:56:14,9888
13f80a2c813f4381a3b7be8b,38.8129401,-77.0166621,2010-01-12 4:23:44,9888
4b8f1fa3c7ed406db2b6e3e1,38.8128984,-77.0165446,2020-01-22 9:44:15,9888
2cd8e75ffb9c438791d993f0,38.8113193,-77.0160942,2010-07-14 22:56:10,9888
499ea1958a814703ba196360,38.8119633,-77.0165088,2018-03-06 7:31:54,9888
2714c45fe02a4b1eaf1f18a0,38.812204,-77.015738,2020-01-22 9:44:15,9888
573759eb46cf49db90fc2183,38.8114484,-77.0165098,2010-07-11 2:32:55,9888
19c204416d2c42f283593c7e,38.810957,-77.0158371,2010-07-11 2:41:50,9888
6fd2d8b2e371475086631f30,38.8117729,-77.0168612,2010-07-11 2:30:32,9888
1050dba19b544f1ab9177865,38.8126596,-77.0162677,2020-01-22 9:44:15,9888
8cc0540127b647d1ba1e495e,38.8112325,-77.0161448,2010-07-11 2:43:59,9888
ef7880a08a3c48319a0180a2,38.8119537,-77.0170585,2010-07-11 2:28:07,9888
e37d68042110417798acf88e,38.8118515,-77.0169592,2010-07-11 2:33:19,9888
87ac1cca73ff4c6098580f09,38.8120974,-77.0163375,2018-03-06 7:31:54,9888
b473a6a9e3da4aa9adeb8a72,38.8109201,-77.0157823,2010-07-11 2:46:20,9888
d7bc807c6e8d4d218fb6d2de,38.8108467,-77.015687,2010-07-11 2:43:01,9888
77316859855d4958b0d41c2a,38.811912,-77.0168488,2010-07-14 22:56:00,9888
7f980295b6604166917a106f,38.8124208,-77.0159995,2020-01-22 9:44:15,9888
8be08981edb54364a67a2ba3,38.8122047,-77.0162003,2018-03-06 7:31:54,9888
2cb3bc10eb2244478c4b65f4,38.8116247,-77.0167406,2010-07-11 2:27:26,9888
bbc07c437b8d4ca385465f81,38.8113241,-77.0162876,2010-07-11 2:31:14,9888
2245e038403442848c476e94,38.8147573,-77.0163401,2020-09-30 12:20:03,9889
7ae1af2e385446babbdf742d,38.8154105,-77.0161195,2020-01-22 11:01:28,9889
aa7cb73c985948b58ba3028b,38.8145417,-77.0157212,2018-03-06 7:31:58,9889
7908308b1982437cbc2072aa,38.8153849,-77.0161255,2020-01-22 11:01:28,9889
10737eac1e684e67b53e96ba,38.8132934,-77.016786,2020-01-22 9:44:15,9889
4bbbb4f28c9a4aaca50e51e1,38.8140831,-77.0169449,2010-01-12 4:23:43,9889
9d1bebe3c7194636ab87b3d7,38.8134694,-77.0165078,2020-01-22 9:44:15,9889
62fddf8cc2b143eeaa95bdc8,38.8154261,-77.0160913,2020-01-22 11:01:28,9889
6477130673a746b8a5bdcb9b,38.8155322,-77.0163629,2020-01-22 11:01:28,9889
9320708337804159998a1186,38.8145379,-77.016487,2020-01-22 11:01:28,9889
3766ce3a3cf040889614bb30,38.8153629,-77.0168786,2020-01-22 11:01:28,9889
7d9a97c9dc00454897b82d03,38.8136732,-77.015935,2010-01-12 4:23:44,9889
0b7e9344aed942b880b5eafb,38.8144617,-77.0159317,2018-03-06 7:31:58,9889
18b9cc8d85444333a8443cc1,38.8132411,-77.0156736,2020-01-22 9:44:15,9889
9ed0ac5101704b7eb71125ad,38.8140013,-77.0166023,2020-01-22 9:44:15,9889
c4656bbf963b497bb2663c5a,38.8140086,-77.0166821,2020-01-22 9:44:15,9889
83b35b42c5ae4e359c508d84,38.8154329,-77.0166606,2020-01-22 11:01:28,9889
70fbcca61ae042b6b4b4cc7f,38.8154204,-77.0166996,2020-09-30 12:20:03,9889
8fd24cca065d446396b36276,38.8145766,-77.0163985,2020-01-22 11:01:28,9889
1a4810f0d5f84c3fb4ef4b20,38.8145421,-77.0162751,2020-01-22 11:01:28,9889
0d40bdec99824096b1c8f38c,38.8139151,-77.0170502,2020-01-22 9:44:15,9889
1a4ec5890e184c8ba8a78059,38.8150014,-77.0156642,2020-01-22 11:01:28,9889
64818d9813e9406481932094,38.8151194,-77.0163844,2020-01-22 11:01:28,9889
966696bff8574077b9e8e664,38.8145515,-77.0166655,2015-02-18 17:28:51,9889
143f385fdfb745f0a0e7582b,38.8147051,-77.016483,2020-01-22 11:01:28,9889
a701b1afaf3a41eb89bf145d,38.8137986,-77.0163032,2020-01-22 9:44:15,9889
80f86e6c88b1436c95f42201,38.8139209,-77.0164581,2020-01-22 9:44:15,9889
1fac4e9456fe44de988d4f9c,38.815156,-77.016371,2020-01-22 11:01:28,9889
c650362eb9914cb8914d6db3,38.8133801,-77.016666,2020-01-22 9:44:15,9889
7555a77ea1bc47cc96c0d2ff,38.8134564,-77.0164213,2020-01-22 9:44:15,9889
81363cbbc7f84977b76e0afe,38.8147469,-77.0156783,2020-01-22 11:01:28,9889
805d3dd1674a4655b083f55c,38.8151691,-77.0163348,2020-01-22 11:01:28,9889
2a283fa156da43d080cf7c78,38.8140408,-77.0167637,2010-01-12 4:23:44,9889
b401e5f62a644dccb50534ea,38.8135311,-77.0162208,2020-01-22 9:44:15,9889
77010308345a46d9bf74d236,38.8140769,-77.0168913,2010-01-12 4:23:44,9889
0c5c6d502a9646638e20c2b5,38.8141059,-77.015787,2010-01-11 2:32:43,9889
306ff5da291f4591af80851d,38.8152699,-77.0160679,2020-01-22 11:01:28,9889
3c7cf5ef064a439c838a81e6,38.8135834,-77.0156927,2010-01-11 2:32:43,9889
e1b833957020478788ce617d,38.8140067,-77.0167974,2020-01-22 9:44:15,9889
715a3da0b00b49d3b61526ec,38.8140867,-77.015834,2010-01-11 2:32:43,9889
1426b968cd7845ffacf5105f,38.8151978,-77.0165161,2015-08-11 17:31:53,9889
ae0b5ee4ff88470ea66b530b,38.8133707,-77.0157742,2020-01-22 9:44:15,9889
61660ddbda394de49e69158a,38.8135071,-77.0159127,2020-01-22 9:44:15,9889
3656b595373b486ca173bd56,38.8140802,-77.0170296,2010-01-12 4:23:44,9889
12954f2d50a140189b37e3d3,38.8139522,-77.0163264,2010-01-12 4:23:44,9889
a4e8a1c4e1f14835a168222e,38.8135557,-77.0159619,2020-01-22 9:44:15,9889
2d641ce5a93c4e649e7c50c7,38.8136236,-77.0161014,2020-01-22 9:44:15,9889
fbcc90a034ea46418ea00fd4,38.8150061,-77.0162657,2020-01-22 11:01:28,9889
135ff50dd4ea46adb197c293,38.8132004,-77.0169208,2020-01-22 9:44:15,9889
0c41739b389c4188a4c3abc7,38.8137875,-77.0160253,2010-01-12 4:23:44,9889
b93b7905b59b4defb8d8ada2,38.813771,-77.0157776,2010-01-11 2:32:43,9889
bc9771d6cefd4707b30acb02,38.8139033,-77.0161939,2010-01-12 4:23:44,9889
d12f4b02dbc34446bc89f22c,38.8154269,-77.0163142,2015-08-11 17:31:53,9889
fd082174118d47089732a9eb,38.8140131,-77.0159201,2010-01-11 2:32:43,9889
88326cde4e1b46479db46a7c,38.8138375,-77.0160799,2010-01-12 4:23:44,9889
60c8ee9994ab45779a57a2e0,38.8150035,-77.0163106,2020-01-22 11:01:28,9889
30082e8ff9224710ac66ec5d,38.815292,-77.0162387,2015-08-11 17:31:53,9889
4064a4c33f2e48ffbbaf948e,38.8148958,-77.0163471,2015-08-11 17:31:53,9889
ae7abc70e9904deaac959e97,38.8150202,-77.0152203,2020-01-22 11:01:28,9890
57ed37abbc7a4e028c3c4647,38.8132989,-77.01532,2016-09-01 9:58:32,9890
fbea38490a944760a8570bbd,38.8141586,-77.0149018,2018-03-06 7:31:55,9890
04f104a86ee4426d801f75a3,38.8130675,-77.0148355,2010-01-12 4:07:47,9890
fb0b17628a7f41dea1b78bf5,38.8130326,-77.0149298,2010-01-12 4:07:47,9890
882a76aa42c44f3c9d137267,38.8139778,-77.014938,2018-03-06 7:31:55,9890
a753541bef1e4ba19fced96f,38.8139296,-77.0150646,2018-03-06 7:31:55,9890
2bcef87531754bfaa165ad44,38.8141837,-77.0143883,2018-03-06 7:31:55,9890
d7e7232bcf314cc39df0a37a,38.8130604,-77.0149656,2010-01-12 4:07:47,9890
e63f5031b8ed4550a84d0b12,38.815035,-77.0142687,2010-01-12 4:23:53,9890
0872f34ebce947f995b50a63,38.8130413,-77.0149594,2010-01-12 4:07:47,9890
bb8dbdffdab24042a4df919f,38.8143112,-77.0144659,2018-03-06 7:31:55,9890
781e48682319486389de7d10,38.813072,-77.0150502,2010-01-12 4:07:47,9890
1dda888aee1a4fb495af2dde,38.8143195,-77.0144954,2018-03-06 7:31:55,9890
38bfae3bd35f4ab183e2d2fc,38.8141816,-77.0148897,2018-03-06 7:31:55,9890
52d60dcbb4744459a6bb536d,38.8150346,-77.0146472,2012-11-25 21:05:15,9890
ec9b2853c74f414eacee659c,38.8156134,-77.0150098,2020-01-22 11:01:28,9890
2f37f3c4325b4b1c8cfe6a39,38.8152657,-77.0144472,2020-01-22 11:01:28,9890
456da4a3b1a3405bb05ae1ce,38.8153128,-77.0143258,2020-01-22 11:01:28,9890
051fd0402a8c48fd801ed25a,38.8140219,-77.0148202,2018-03-06 7:31:55,9890
ebc721cfbbe64275b51eb57a,38.8154831,-77.014934,2020-01-22 11:01:28,9890
f4e4765735a04c159e56318d,38.8154073,-77.0144565,2020-01-22 11:01:28,9890
ccff24a462304a57b2e3097b,38.8154632,-77.014938,2020-01-22 11:01:28,9890
f2f41d80545143a5bcc0f113,38.815447,-77.0149702,2020-01-22 11:01:28,9890
a60708ac460d43058550fd85,38.8152553,-77.0155241,2020-01-22 11:01:28,9890
033d4bb027384a49a260e759,38.8150311,-77.0154067,2020-01-22 11:01:28,9890
e0f6ec9bb0994728a985044a,38.8150041,-77.015378,2022-09-28 15:26:04,9890
9edc0ae2af5e4a40b3a7f810,38.814981,-77.0153403,2020-01-22 11:01:28,9890
e846e33e891449c0bcbf8328,38.8131125,-77.0148638,2015-06-11 20:35:57,9890
48c7881a1b7548368a5e9045,38.8141542,-77.0152506,2010-04-13 18:42:17,9890
b42760bf94bf40ffb94622b7,38.8140988,-77.0152155,2010-04-13 18:42:17,9890
9c4a0397bcca4df0b23defe9,38.8132119,-77.015182,2016-09-01 9:58:32,9890
5eed1e9e4e914a329dd2aeb1,38.8141247,-77.0153265,2010-04-13 18:42:18,9890
b661c5ca8b804719bd31ea59,38.814071,-77.0152925,2010-04-13 18:42:18,9890
48ab74a12e904e4384707353,38.81502,-77.0145695,2010-01-11 2:27:19,9890
b5a80a7645a54541b39a01bf,38.8149999,-77.0145964,2010-01-11 2:27:19,9890
e9fb8c3a4bb54c19b8f507a5,38.8143721,-77.0142436,2010-01-11 2:27:17,9890
942ad4a4b362467bb173b2ec,38.813268,-77.0143005,2010-04-13 18:42:15,9890
f1fe108cad9b42b69010fc80,38.8131063,-77.0149824,2015-06-11 20:35:56,9890
a902f256f97542bf88c42d87,38.8131515,-77.0150933,2015-06-11 20:35:56,9890
416760e937cc495ca873c594,38.8154294,-77.0147762,2015-08-11 17:31:53,9890
0843be6065164754980c94e1,38.814735,-77.015129,2010-04-13 18:42:54,9890
72abdb9da2464bd9ac5b1ce3,38.8147525,-77.0150855,2010-04-13 18:42:54,9890
ed6437bf400349cb98be0eed,38.8147125,-77.0150615,2010-04-13 18:42:54,9890
3cf2bd2ef8754c3a9e949be8,38.814124,-77.0153262,2010-04-13 18:42:18,9890
2539a78d1b6d4d2c87ae53ca,38.8141525,-77.0152496,2010-04-13 18:42:18,9890
41e48b6c205747909d39cf45,38.8146716,-77.0143544,2018-03-06 7:31:53,9890
1cfed64f3e354a3ea1256beb,38.813237,-77.0156307,2010-01-12 4:23:44,9890
22042ee36910486f8dbb989f,38.8136675,-77.0154395,2016-09-01 9:58:33,9890
0203eb215a5c433b9f016fa7,38.8130497,-77.0155113,2010-01-12 4:23:44,9890
56f436a5f8494954a388cb30,38.8136488,-77.0151636,2016-09-01 9:58:33,9890
aa8dd572ed354a70ad287143,38.813306,-77.0151927,2016-09-01 9:58:32,9890
52338362154444c6a11fcf26,38.8130551,-77.0150144,2018-03-06 7:31:53,9890
e46b1d1ae82c436a98365769,38.8135994,-77.0156536,2010-01-11 2:32:43,9890
c82f46dda9c54fc9ac890f18,38.8131212,-77.0150189,2018-03-06 7:31:53,9890
b8529140ba0742bb9a731351,38.8149611,-77.0156448,2020-01-22 11:01:28,9890
fc37cedab902464ab306b104,38.814539,-77.0142795,2018-03-06 7:31:53,9890
0641a351a0ce42049c4ba6f4,38.8130458,-77.0153772,2010-01-11 2:32:43,9890
1d8cb27014f6479c85356737,38.8145348,-77.01425,2018-03-06 7:31:53,9890
04bdbc147de74f0fb5b8913d,38.8134273,-77.0155847,2010-01-11 2:32:43,9890
92a74d791b674a05b669a108,38.8131319,-77.0151877,2010-01-11 2:32:43,9890
8cdd0e36b77b46ebbb215e37,38.8134732,-77.015359,2016-09-01 9:58:33,9890
c7a92e2b86114416850954dc,38.8137344,-77.0149459,2016-09-01 9:58:33,9890
01dd85d215b446ddb21897c5,38.8135317,-77.0153349,2016-09-01 9:58:32,9890
0f4e96388d824c20b7a1c5b1,38.8150231,-77.0145712,2010-01-12 4:14:02,9890
b378363d61bb471eb7fdd6b3,38.8151846,-77.0142693,2010-01-12 4:14:02,9890
22fe1af9b5754ca49ffda052,38.8151225,-77.0145543,2010-01-12 4:14:02,9890
47fe2006f5e9400aa38d6659,38.8151831,-77.0145898,2010-01-12 4:14:02,9890
ee7b0a7fd6e74769adc85a37,38.8150407,-77.0145254,2010-01-12 4:14:02,9890
8e9e3736582d4f758c89f7cd,38.8150948,-77.0146112,2010-01-12 4:14:02,9890
6070f14829fb47e4b6baa14d,38.8151177,-77.014529,2010-01-12 4:14:02,9890
6bdf96aa45574141b92f65a4,38.8150333,-77.0145643,2010-01-12 4:14:02,9890
ef8e8ea6973f4428956b9fab,38.8149964,-77.0144978,2010-01-12 4:14:02,9890
1c6a9ea435de449d98e1c4b3,38.814069,-77.0152911,2010-04-13 18:42:18,9890
a17a859985d34b26837d00ac,38.813283,-77.0142996,2010-01-12 4:14:00,9890
d664d54cd2f045c9af6cab9e,38.8132554,-77.014292,2011-11-01 4:43:17,9890
2c0e4d1c49ff47cbadd646f2,38.8132738,-77.0142823,2010-01-12 4:14:00,9890
7c4dfddb7f31460cae0c023c,38.8132101,-77.0142648,2010-01-12 4:14:00,9890
89f00e50753e40988d2c54d9,38.8146471,-77.014426,2018-03-06 7:31:54,9890
2b7bfa57b5704387b50007db,38.8131279,-77.0146782,2011-11-01 4:43:17,9890
97e5bd6194ba4b10a88574d8,38.8148253,-77.0156367,2020-01-22 11:01:28,9890
3055bddcbf9e4e70a04a8b2d,38.8152318,-77.0145987,2020-01-22 11:01:28,9890
4daac88a91184c7aaff06760,38.8151928,-77.0143075,2010-01-12 4:14:02,9890
906fe79a103141c9a0ba9a00,38.8135876,-77.0153193,2016-09-01 9:58:32,9890
98f40537d80a4dbdadd85baf,38.8146247,-77.0154904,2018-03-06 7:31:58,9890
7de63c890c134c74b7e27594,38.8146946,-77.0151054,2010-04-13 18:42:19,9890
f96bf41bbf234020b6d7b6de,38.8151405,-77.0143986,2010-01-12 4:14:02,9890
71e75cf0089d4eb885c8498d,38.8151486,-77.0144311,2010-01-12 4:14:02,9890
23478d7bf4394d8ca122678e,38.8151527,-77.0143557,2010-01-12 4:14:02,9890
cc1cb6c74de74e26b165dc56,38.8151591,-77.0143905,2010-01-12 4:14:02,9890
0eff755361aa43ecad09c4b4,38.813395,-77.0153629,2016-09-01 9:58:32,9890
62b9797f5d30400ca483afcf,38.8130938,-77.0155804,2020-01-22 9:44:15,9890
63d0dadd895a47a48e8362f6,38.8151081,-77.0144902,2010-01-12 4:14:02,9890
9031c7282d474972b84e836d,38.8151254,-77.0144439,2010-01-12 4:14:02,9890
77e565441c014b38848ed343,38.8151314,-77.0144758,2010-01-12 4:14:02,9890
00005d803f63488db0976af0,38.81555,-77.0143224,2020-01-22 11:01:28,9890
2c77b986cad5485db5fb82d7,38.8151751,-77.0143471,2010-01-12 4:14:02,9890
ea3344127a824ef4b7e5a007,38.8151696,-77.0143151,2010-01-12 4:14:02,9890
0b18932b0a15467284f86bbb,38.8152087,-77.014256,2010-01-12 4:14:02,9890
8bf416cc3c8649668042da2c,38.8126518,-77.0152829,2010-01-12 4:23:44,9891
f40d87aa454046138bc3c4e3,38.8127736,-77.0153616,2010-01-12 4:23:44,9891
6fa37a4e14c248c390b218c8,38.811798,-77.014657,2020-01-22 9:44:15,9891
135b42d0c4514381a40d33c3,38.8124822,-77.0151428,2010-01-12 4:23:44,9891
93024113a19a479dbbf3d92b,38.8119662,-77.0154483,2020-01-22 9:44:15,9891
05ce74318847471f8148ee2e,38.8119929,-77.0147985,2020-01-22 9:44:15,9891
e5b70946797449daa6dc1591,38.8126106,-77.0149425,2010-04-13 18:42:14,9891
074a0751e32a4e9a9312b018,38.8121381,-77.0148897,2020-01-22 9:44:15,9891
8ed71152fa054fb590cea580,38.8125371,-77.0150189,2010-04-13 18:42:14,9891
ba17ef703c4a498f9f9125c5,38.8125429,-77.0150047,2010-04-13 18:42:14,9891
7b22ebb650e34c0083d6146c,38.8122729,-77.0149983,2020-01-22 9:44:15,9891
10335f46515d484982d75342,38.8118722,-77.0153256,2020-01-22 9:44:15,9891
f2fb1d9408494bc4a0ff0c44,38.8123424,-77.0150433,2020-01-22 9:44:15,9891
9e3208f3b9764b439db51903,38.8124947,-77.0149904,2010-04-13 18:42:14,9891
9643d0e012ad4d528965f913,38.8124825,-77.0151787,2020-01-22 9:44:15,9891
79674f84ca1c47ff88bad3e5,38.8118474,-77.0146929,2020-01-22 9:44:15,9891
abe90c5fda594071974a8083,38.8120864,-77.0155958,2020-01-22 9:44:15,9891
86ae2c6966274bbcb1c286af,38.8125071,-77.0149603,2010-04-13 18:42:14,9891
ebc7195a08484d7ab2875a1b,38.8105495,-77.0152902,2010-07-11 2:46:08,9891
606fdb24e83c4aa9960c1952,38.8117698,-77.0146503,2020-01-22 9:44:15,9891
130d76f82fb8456faa110679,38.8117457,-77.0151593,2020-01-22 9:44:15,9891
a38fbfe775b348cca7fc348e,38.8117431,-77.0146718,2020-01-22 9:44:15,9891
c312fc8f25a04c9cbac6ffd6,38.8126068,-77.0152746,2020-01-22 9:44:15,9891
d85156c795e04d2da07406c6,38.812797,-77.015404,2020-01-22 9:44:15,9891
0de610aeb2594bbf9e5c4985,38.8129663,-77.0155006,2020-01-22 9:44:15,9891
fb93d3371b564946b4dd9c54,38.8125364,-77.0148382,2010-01-12 4:07:46,9891
7cd9f28bf62042e1b831c40f,38.8128238,-77.0144984,2010-04-13 18:42:15,9891
5b5543f4355145e3b2204dd7,38.8128218,-77.0144987,2010-04-13 18:42:15,9891
41206f372db44b09b89352d9,38.812541,-77.0152239,2020-01-22 9:44:15,9891
d4a61ee464904f14b1760c5a,38.8117792,-77.0144094,2010-01-12 4:07:45,9891
15ade40097e149d38c9f73e9,38.810963,-77.0142423,2010-07-14 22:56:02,9891
aecf9ee5756248d39d7f3f41,38.810698,-77.0153103,2010-07-14 22:56:05,9891
00655e90cbe94c49b7e5c480,38.812374,-77.0148405,2010-01-12 4:07:46,9891
ef3ce2766679410c88852a3a,38.8126667,-77.0153154,2020-01-22 9:44:15,9891
74ce997742444dc7929c96ca,38.8104234,-77.0149275,2010-07-14 22:56:09,9891
8a188215efb5480db4de8baf,38.8125659,-77.0147659,2010-01-12 4:07:46,9891
c3a5fdeabbc04403b63102cf,38.8128266,-77.0144931,2010-04-13 18:42:15,9891
9802421e69d146a0a03d315b,38.8104384,-77.0151624,2010-07-11 2:34:24,9891
40c26d1826804148abb3f3cb,38.8125613,-77.0148556,2010-01-12 4:07:46,9891
db780f3efec64b17aa2f2f34,38.812533,-77.014929,2010-01-12 4:07:46,9891
45fb8e7d4f1c4eacbe1381a0,38.8110113,-77.0152856,2018-03-06 7:31:54,9891
980be7333169420b906e6e08,38.8106813,-77.0148565,2018-03-06 7:31:54,9891
e4222ea93fca413a80a2e0dd,38.8108151,-77.0146929,2018-03-06 7:31:54,9891
e6b4c25fd16641eaa00555cd,38.8111439,-77.0151178,2018-03-06 7:31:54,9891
0dca456256d844ce9194d7ab,38.8112533,-77.0149793,2018-03-06 7:31:54,9891
6a0502b0e2ac4868b8d89895,38.8125917,-77.0147812,2010-01-12 4:07:46,9891
ca3cab035229476580d6225a,38.8129694,-77.0148039,2018-03-06 7:31:53,9891
9a48d451f96f44679221eb24,38.8107049,-77.0155107,2010-07-11 2:31:35,9891
c7fdf17eccfe433eb085daab,38.8106363,-77.0154315,2010-07-11 2:42:38,9891
49f12865ab5b44daba5d737d,38.8104248,-77.0149921,2019-03-04 6:49:04,9891
13997007ba674e5fbe29d3bf,38.8105637,-77.0153216,2010-07-11 2:30:18,9891
c4923e09ad0645ea82dda304,38.8124088,-77.0151074,2020-01-22 9:44:15,9891
d93e43e3a9b94b8c89d0c18e,38.8127281,-77.0150195,2010-04-13 18:42:14,9891
2c940b2c757d46fb95346277,38.8127645,-77.0150417,2010-04-13 18:42:14,9891
6ab81d3a6ef1487c8c37f824,38.8127236,-77.0150315,2010-04-13 18:42:14,9891
b2bfd671942249899af39264,38.8126943,-77.0146076,2010-04-13 18:42:15,9891
5f2bf9675bdd43ea96aee5c5,38.8115984,-77.014885,2020-01-22 9:44:15,9891
8fdd39a04edf41d9a1ac975d,38.8128639,-77.0150922,2018-03-06 7:31:53,9891
d76d66db9af44e408f18d254,38.8107821,-77.0155831,2010-07-11 2:37:23,9891
8b8a87030c874e3eb5dc2d67,38.8128247,-77.0144977,2019-06-11 2:41:22,9891
789e98f5e3464124b44aeef3,38.8104569,-77.0152067,2010-07-11 2:29:10,9891
ef8ce63857a242cdb4880473,38.8129203,-77.0149326,2018-03-06 7:31:53,9891
a8f6c43adfcb452a9ecc198d,38.8128837,-77.0147236,2010-04-13 18:42:15,9891
7ba2250952aa492ea6f696af,38.8105372,-77.0152735,2010-07-11 2:27:51,9891
fcee136a6ae745b5a7f74af2,38.8128228,-77.0144987,2010-04-13 18:42:15,9891
d52682c173114eeca6278348,38.8106875,-77.0145947,2022-01-03 18:45:09,9891
a777b610d69c44419e65edec,38.8124465,-77.0142893,2011-11-01 4:43:17,9891
976ddb9e688f48ca88cebb9d,38.8127839,-77.0150778,2010-01-12 4:07:47,9891
e9a91a70212b4e8a92e67bcc,38.8129405,-77.0151733,2010-01-12 4:07:47,9891
22bc237386964655a05ea0e5,38.8129995,-77.0150215,2010-01-12 4:07:47,9891
8ae9a71078c04bdbb05560c0,38.8130105,-77.0150187,2010-01-12 4:07:47,9891
8ccd2faca7464b4db4a7fe0f,38.8109802,-77.0142906,2019-03-04 6:49:04,9891
c7979fd356d044309f17ffbf,38.8110077,-77.0143077,2010-01-12 4:23:41,9891
8b4d7afbc3c241b584352c66,38.8126714,-77.0145894,2010-01-12 4:07:47,9891
7c02b5cc02b940dfb473b71b,38.8129047,-77.0147363,2010-01-12 4:07:47,9891
669f5770de154fa1839a4df1,38.8116308,-77.0150164,2020-01-22 9:44:15,9891
268215d9ece7445b9c478c08,38.8114405,-77.0147257,2018-03-06 7:31:54,9891
8aaebe721cf04b1da3fcb80e,38.812543,-77.0149844,2010-04-13 18:42:14,9891
67ab16f5894442118c256f5f,38.8125766,-77.0149217,2010-04-13 18:42:14,9891
a6cd77cd89934725a4d5aeec,38.8126046,-77.0149588,2010-04-13 18:42:14,9891
6753a8b3d27947febe43d3b5,38.8116423,-77.0150299,2020-01-22 9:44:15,9891
e94d827d31e04f66885d126a,38.8114155,-77.0142505,2010-01-12 4:23:41,9891
49358cfb44f74f21abf40246,38.811741,-77.0145395,2010-01-12 4:23:41,9891
51cccc3d6f624df7b2c5d6df,38.8116052,-77.0149863,2020-01-22 9:44:15,9891
3d018d5965064fcb86175031,38.8115921,-77.0149326,2020-01-22 9:44:15,9891
1a32489fd44b460a817aaec6,38.8122835,-77.0149487,2010-01-12 4:23:44,9891
d0663af2671c4f8eaf7b4e8b,38.8108951,-77.0155546,2010-01-12 4:23:41,9891
4b0dcc04587d4fe6a0d4e10f,38.8109248,-77.0145589,2018-03-06 7:31:54,9891
cf2e875b7d7e477aa155ea45,38.8111316,-77.0143498,2018-03-06 7:31:54,9891
c606fb5ae0084051a9d56fa5,38.8111553,-77.0143318,2018-03-06 7:31:54,9891
53f43117d5c44e74a08e25c2,38.8112222,-77.014313,2018-03-06 7:31:54,9891
fca3183544e64f1daa9623eb,38.8112723,-77.0143104,2018-03-06 7:31:54,9891
ddcbfec036524037a025aa04,38.8115043,-77.0145196,2018-03-06 7:31:54,9891
0abff31745c44bf9a7d44fad,38.8115231,-77.0145598,2018-03-06 7:31:54,9891
56b8f789404d4f64abe09802,38.8115106,-77.0146215,2018-03-06 7:31:54,9891
8323936505e9402ca322b1f3,38.8109003,-77.0154262,2018-03-06 7:31:54,9891
a1d976bfca684ea6b34afac4,38.8106014,-77.0150399,2018-03-06 7:31:54,9891
4017986938634fe79fbe08e8,38.8105889,-77.0149916,2018-03-06 7:31:54,9891
dff81e78f76f45d392cb971b,38.8106035,-77.0149514,2018-03-06 7:31:54,9891
299a905a396f4c7ab02d961c,38.8110383,-77.0144203,2018-03-06 7:31:54,9891
497521d7727743c7bbc4c2da,38.8113643,-77.0148388,2018-03-06 7:31:54,9891
5a7b443dc17947f2beaf6354,38.8123352,-77.014313,2010-01-12 4:07:46,9891
b63a34b2ac574965bda22199,38.8123184,-77.0143593,2010-01-12 4:07:47,9891
7024bd2664c64388acfa7b35,38.8123703,-77.0143336,2010-01-12 4:07:47,9891
a1aa1590524e4c35b3666a2d,38.8110271,-77.0143064,2010-01-12 4:23:41,9891
7b0e74a3ee754832b5034740,38.812691,-77.0134692,2010-01-12 4:24:13,9892
b411d2c7b4d14c64bef5b2f0,38.8126751,-77.0133667,2010-01-12 4:24:13,9892
bc14198bb59247408f3b3f74,38.8130163,-77.0136835,2010-01-12 4:08:01,9892
347dc3c8448b4c4cbdcb2773,38.812895,-77.0132484,2010-01-12 4:08:02,9892
8fb8d1f2e6b9468591ec7f6f,38.8127123,-77.0133418,2010-01-12 4:24:13,9892
1d6c28c6bd874b61a4e4c0c7,38.8128761,-77.013422,2010-01-12 4:08:02,9892
3efe26c8c81943e9a41d8124,38.8124754,-77.0141679,2010-04-13 18:42:14,9892
8b938396d208482eb3f24e46,38.8128319,-77.0134129,2010-01-12 4:08:02,9892
89118e272fd8412db1a852b7,38.8128502,-77.0134242,2010-01-12 4:08:02,9892
6b9d9b6f6a8c4f898da3e39d,38.8128558,-77.0134095,2010-01-12 4:08:02,9892
3810a54a11dc430fa8a869a1,38.8125731,-77.0135962,2010-01-12 4:24:12,9892
41338a8a0fbe440395d8b52f,38.8120798,-77.0140065,2010-04-13 18:43:10,9892
e592ed5f1b5744d4915d39b6,38.8125727,-77.0135612,2010-01-12 4:24:12,9892
2b8ffaf05d52472eb306d981,38.8120691,-77.0139366,2019-06-11 2:41:22,9892
cf0613e1409b4065ab04347c,38.8120663,-77.0140454,2010-04-13 18:43:10,9892
67a247124b3d44eb9baba13b,38.8120497,-77.013988,2010-04-13 18:43:10,9892
1d31b67251b84e34b7095c05,38.812388,-77.0134553,2010-01-12 4:24:12,9892
7e25d89694c248258139bcd4,38.8120654,-77.0140449,2010-04-13 18:43:10,9892
ee6042dce44040b7be13aa7e,38.81268,-77.0134512,2010-01-12 4:24:13,9892
359ce7935342457e8c01424e,38.8124277,-77.0133041,2010-01-12 4:24:12,9892
b900fb71e1a241d1b6124a0e,38.8128704,-77.0134372,2010-01-12 4:08:02,9892
03cb2f3725c442e1b15612fa,38.8123944,-77.0133896,2010-01-12 4:24:12,9892
13c37731439d41de8ebfeeef,38.8126233,-77.0134284,2010-01-12 4:24:13,9892
d9fc067ce35642eea85e9fcb,38.8124759,-77.0133335,2010-01-12 4:24:13,9892
038fb845378844688cecd4f9,38.8125743,-77.0132205,2010-01-12 4:24:13,9892
027cd391d42646778653c96b,38.8125489,-77.0132836,2010-01-12 4:24:13,9892
c7d5705cbb164c95bc2e8da6,38.8123508,-77.0130355,2010-01-12 4:24:13,9892
2db5ac9455b04710b8120637,38.8126732,-77.0134935,2010-01-12 4:24:13,9892
bb51c08fe7514d6d8d08857a,38.8126585,-77.0134807,2010-01-12 4:24:13,9892
327904277ac04123b9204d34,38.8126856,-77.0134878,2010-01-12 4:24:13,9892
1f42ed0975904f3b9f5e5fa2,38.8126624,-77.0134555,2010-01-12 4:24:13,9892
a0a814a83e4148b1b5678fd8,38.8119602,-77.0139872,2010-01-12 4:08:00,9892
53624ca3963342fc8bef1183,38.8127849,-77.0137763,2010-01-12 4:08:00,9892
7dd71f7a1e1e42e3800cae11,38.8124646,-77.013793,2010-01-12 4:08:00,9892
dbcc94caa7834d538f919a93,38.8124642,-77.0136924,2010-01-12 4:08:00,9892
ea1d5591df674153ae21cb15,38.8125526,-77.01386,2010-01-12 4:08:00,9892
33e4bf916ce64942b8e48641,38.8125328,-77.0138655,2010-01-12 4:08:00,9892
132c53441de246d08aa97759,38.8125142,-77.0139143,2010-01-12 4:08:00,9892
cc4b1da372f14a00bd11a3e4,38.8125242,-77.0139385,2010-01-12 4:08:00,9892
aba93555ead548398caf02d9,38.8124009,-77.0138581,2010-01-12 4:08:00,9892
e5b32fd4cf594dcb9dd43437,38.8128089,-77.0137128,2010-01-12 4:08:00,9892
0d96adfbe7b7488ca1563505,38.8121928,-77.013704,2010-01-12 4:07:59,9892
fe89afb34a144f69b2218f5b,38.8115961,-77.0133385,2013-10-26 4:15:32,9892
94c7c3d01de147a6bb2957c8,38.8122805,-77.0141773,2019-06-11 2:41:22,9892
b499b71b81324a5d8ac0ab5a,38.8124813,-77.014202,2010-04-13 18:42:14,9892
5f142cc135ea40daa79112ae,38.8124697,-77.014195,2010-04-13 18:42:14,9892
a63726f18d00462b8cb5bc92,38.8124661,-77.0141927,2010-04-13 18:42:14,9892
a1b99bab90004e44b527ed94,38.8124743,-77.0141709,2010-04-13 18:42:14,9892
ad9204d2fc7942adb08b0485,38.8110193,-77.0139285,2013-10-26 4:15:32,9892
d7a9abefce074aa89cb45b5a,38.812836,-77.0136662,2010-01-12 4:08:00,9892
eb3bace34e074db0b232487b,38.8130056,-77.013677,2010-01-12 4:08:01,9892
c2caba2c2dfa4084ad788484,38.8127852,-77.013384,2010-01-12 4:24:14,9892
70105676eeb04e58a80426d1,38.8127305,-77.0132793,2010-01-12 4:24:14,9892
414def562fa04f7f91e3693c,38.8129854,-77.0137646,2010-01-12 4:08:01,9892
27732c72d64646ebbec49f3b,38.8129941,-77.0139758,2010-01-12 4:08:01,9892
bfe39a4755004532b50d296e,38.8128165,-77.0137176,2010-01-12 4:08:00,9892
dce50c8f426b41f8b37b91b4,38.8128767,-77.0136914,2010-01-12 4:08:00,9892
5c39812c01d3438c995d6e09,38.8129341,-77.0135399,2010-01-12 4:08:00,9892
55f9edbae29347889384bdeb,38.8127005,-77.0133036,2010-01-12 4:24:13,9892
84609b8139e943a48b5de5d5,38.8128937,-77.0135149,2010-01-12 4:08:00,9892
80ae69dc8d1941a3ab12acda,38.8126647,-77.0137242,2010-01-12 4:08:00,9892
b74194b66bce4b20bcfdb435,38.8126648,-77.013702,2010-01-12 4:08:00,9892
fc565688e88743bb919bbc42,38.8127069,-77.0137281,2010-01-12 4:08:00,9892
8b37cedc8bb649429eb1892e,38.8127015,-77.0137423,2010-01-12 4:08:00,9892
faeb83b754bc41e6be4f05d1,38.8127453,-77.0137689,2010-01-12 4:08:00,9892
ea0f2ba3713b4c489d425db4,38.8127503,-77.0137549,2019-06-11 2:41:22,9892
d895700c92c647bfb6a0587f,38.8126656,-77.0134907,2010-04-13 18:43:13,9892
759eb74df6264efbbfff2e7a,38.8126721,-77.01345,2010-04-13 18:43:13,9892
b745eb921b1a4a42b0e84cca,38.812667,-77.0134518,2010-04-13 18:43:13,9892
84c06f3963034abcaeb96627,38.8126775,-77.0134502,2010-04-13 18:43:13,9892
10b192d9342b401a887d596b,38.8126646,-77.0134534,2010-04-13 18:43:13,9892
e7de76a539af4ff4867464db,38.8126573,-77.0134672,2010-04-13 18:43:13,9892
6d4538ca89474f37850591a2,38.8129264,-77.0135352,2010-04-13 18:43:13,9892
f91e3be87d7a4606b3f1b0a9,38.8128686,-77.0136864,2010-04-13 18:43:13,9892
26108a17c14041d987f69c4d,38.8126874,-77.0134853,2010-04-13 18:43:13,9892
56cad87fd5dc483aa9d33336,38.8126834,-77.0134899,2010-04-13 18:43:13,9892
6488b4a935754af792578e6d,38.81269,-77.0134793,2010-04-13 18:43:13,9892
e037660c58024b4b9a7c4484,38.8126908,-77.0134761,2010-04-13 18:43:13,9892
3ee0e60cff934d5a907df184,38.8126889,-77.0134824,2010-04-13 18:43:13,9892
b32bed9dbf0a463687edc7e0,38.8126811,-77.0134915,2010-04-13 18:43:13,9892
efe39978ac1c494fb62124e6,38.8126614,-77.0134865,2010-04-13 18:43:13,9892
d9cf9565a16c4cd6bd806c49,38.8126591,-77.0134609,2010-04-13 18:43:13,9892
95bf60a4651e4b6ba1216b5a,38.812668,-77.0134921,2010-04-13 18:43:12,9892
9a472ea4ac604f5cb3d8021e,38.8126576,-77.0134775,2010-04-13 18:43:12,9892
47a6006490964fc3a20e1837,38.812657,-77.0134741,2010-04-13 18:43:12,9892
3ba57157c08e4b049f88e7f2,38.8126633,-77.0134888,2010-04-13 18:43:12,9892
01b0d02d3fd741faa86e996b,38.8126759,-77.0134934,2010-04-13 18:43:12,9892
5aad0a7c367c4b18becf0218,38.8126706,-77.0134931,2010-04-13 18:43:12,9892
1bf57e9129a5464bb061f3f3,38.8126786,-77.0134927,2010-04-13 18:43:12,9892
508f2797ec204b7db3ff12a8,38.8126597,-77.0134837,2010-04-13 18:43:12,9892
75e0daabe81c4d4eaa23b5a0,38.8124099,-77.0130703,2010-04-13 18:43:12,9892
114ec15951894abca923be0f,38.8124095,-77.0130713,2010-04-13 18:43:12,9892
a0e9e5c48113404aa3c88ca8,38.8123799,-77.0130534,2010-04-13 18:43:12,9892
d892793f5a274ccc99cdf558,38.8125651,-77.0132431,2010-04-13 18:43:12,9892
e5b5b30fe53646a2ac2bcb7d,38.8125487,-77.0134574,2010-04-13 18:43:12,9892
1d1fabb71b58482ba407f541,38.8127406,-77.0133068,2010-04-13 18:43:14,9892
834c39102af64c2e9795db50,38.8105555,-77.0128416,2010-07-14 22:56:02,9892
f8181a21232b4653a16c5280,38.8128225,-77.0139117,2021-02-11 2:41:23,9892
5ca3596897384d30a28da253,38.8130159,-77.0134979,2021-02-11 2:41:23,9892
2b51d857ce98402890e7f482,38.8113031,-77.013812,2010-07-14 22:56:09,9892
245ded6ee8f94920b09f94d8,38.8109364,-77.0133341,2010-07-14 22:56:13,9892
d1281066bb8e4a78aa4441cb,38.8111731,-77.0142025,2010-01-12 4:23:41,9892
309c3d686a4a4f978b8e7ea3,38.81287,-77.0132746,2010-04-13 18:43:14,9892
d9cd55ea6b7448a4bf6ae602,38.8112305,-77.0141866,2010-01-12 4:23:41,9892
243abce843724f2b8513b8fd,38.8128513,-77.013263,2010-04-13 18:43:14,9892
3bf135708eee4530a02d049c,38.8113329,-77.0142012,2010-01-12 4:23:41,9892
e5e400b8e671496688a23826,38.8128351,-77.0133057,2010-04-13 18:43:14,9892
4d8a297fb27c4bc1a101a5a7,38.8128538,-77.0133172,2010-04-13 18:43:14,9892
f99d58b1cbe248b99a010c9e,38.8127723,-77.0133245,2010-04-13 18:43:14,9892
482b105bd51d4e70bf1bf070,38.8127314,-77.0133338,2010-04-13 18:43:14,9892
cfefae5c8c904c099ab2afa7,38.8129062,-77.0130407,2010-01-12 4:08:02,9892
e2e7696c067f4c5a8d556d77,38.8127632,-77.0133514,2010-04-13 18:43:14,9892
c31d9c4b15a7402b8b6289c7,38.8126867,-77.0134569,2010-04-13 18:43:14,9892
30c50855a5e242628946bead,38.8126847,-77.0134546,2010-04-13 18:43:14,9892
3f451e86483c45b8ad180e33,38.8126896,-77.0134626,2010-04-13 18:43:14,9892
02519aa115e6447e8ae092ae,38.8126911,-77.0134726,2010-04-13 18:43:13,9892
c2eef74592484913ac2c37e0,38.8126883,-77.0134596,2010-04-13 18:43:13,9892
28aa1894c7af496aa6fff312,38.8126905,-77.0134658,2010-04-13 18:43:13,9892
5462167e93fa44639c9115e7,38.8126824,-77.0134526,2010-04-13 18:43:13,9892
ef60d5c3c2844f7facbfb585,38.812658,-77.013464,2010-04-13 18:43:13,9892
69fb8e4a6edf48428b6694e7,38.8126606,-77.013458,2010-04-13 18:43:13,9892
cb1d6fe1320846fd8e319377,38.8126748,-77.0134498,2010-04-13 18:43:13,9892
3b58420989e647c0a9a9585f,38.8126569,-77.0134707,2010-04-13 18:43:13,9892
f63bcd4a9c714e01b2b27a7e,38.8126695,-77.0134505,2010-04-13 18:43:13,9892
790c68bfe3134959b89371d7,38.8125198,-77.013935,2010-04-13 18:43:11,9892
c3c6c60e93be427dae84257b,38.8125149,-77.0139112,2010-04-13 18:43:11,9892
4b2f79b851ec419e923ff52d,38.8125152,-77.0139272,2010-04-13 18:43:11,9892
8499e60f61254c5eaeb76fd6,38.8122169,-77.0136464,2010-01-12 4:24:12,9892
4cf971f29fbd4dc79eef2c1a,38.8123877,-77.0134747,2010-01-12 4:24:12,9892
a0b7fb8cd99b4990b2c87ee2,38.8124197,-77.0134749,2010-01-12 4:24:12,9892
e867ba70be644bcf86c925a1,38.812437,-77.0137588,2010-01-12 4:24:12,9892
1e8e5715707d4750a351b8b6,38.8125161,-77.0139082,2010-04-13 18:43:11,9892
bed4b745ab784734815f22ba,38.8125139,-77.0139209,2010-04-13 18:43:11,9892
13f59506043a452c9e0cf771,38.812518,-77.0139327,2010-04-13 18:43:11,9892
c297558bda9f46988aadc378,38.8125164,-77.0139301,2010-04-13 18:43:11,9892
2439a1dc4b96497398bc095c,38.8125139,-77.0139175,2010-04-13 18:43:11,9892
84eb54842f654e6598b7b7ad,38.8124702,-77.0137784,2010-01-12 4:24:12,9892
0b20a5d9e06140cab259e710,38.8125218,-77.013937,2010-04-13 18:43:11,9892
a8805e0b350c442283a5e29d,38.8125144,-77.0139241,2010-04-13 18:43:11,9892
a2dce64edc6844f89426248c,38.8126363,-77.0138063,2010-01-12 4:24:12,9892
3807916986fc4bf7b8a32a24,38.812478,-77.0133349,2010-04-13 18:43:12,9892
080f3efacc054bf6b0131eac,38.8123929,-77.0138528,2010-04-13 18:43:11,9892
30dd1fb601e045e2947363b5,38.8123413,-77.0140161,2010-04-13 18:43:11,9892
1234049dfae548f1a7946468,38.8124448,-77.014149,2010-04-13 18:43:11,9892
ec64e7f0dbb9403db31fc395,38.8125827,-77.013587,2010-01-12 4:24:12,9892
2724aa84d07f4c28977bde82,38.8125829,-77.0135718,2010-01-12 4:24:12,9892
f054ecccd7ba4c06b42e4180,38.8124002,-77.0138576,2010-04-13 18:43:11,9892
c39b2a3941084fcb8daf6f2e,38.8124453,-77.0141493,2010-04-13 18:43:10,9892
ba21db52de884e35b07c028e,38.8121855,-77.0137255,2010-04-13 18:43:10,9892
c44cd2b424f54afea82fbefc,38.8121865,-77.0137261,2010-04-13 18:43:10,9892
cbde616d6de344f98eb5eee0,38.8122169,-77.0141383,2010-04-13 18:43:10,9892
bc77251d872447a69f56aee6,38.8120991,-77.0139547,2010-04-13 18:43:10,9892
6a4f6687f3fc4d68bcb0d14a,38.8120791,-77.0140083,2010-04-13 18:43:10,9892
bf9922465749440f8895ede2,38.8128503,-77.0132166,2010-01-12 4:08:02,9892
7b057c11b1e141f290af4d4d,38.8129131,-77.0134636,2010-01-12 4:08:02,9892
f432be7f3d684f7e86c39471,38.8121952,-77.0137314,2010-01-12 4:24:12,9892
9afcedfef450444dab34d4b8,38.8124537,-77.0133962,2010-04-13 18:43:11,9892
ca15197ceb7845a28940ba8b,38.8124517,-77.0133949,2010-04-13 18:43:11,9892
869dc393ce974d2e99258291,38.8124431,-77.0134124,2010-04-13 18:43:11,9892
cc29001b10454d3ba196199a,38.812549,-77.0133806,2010-04-13 18:43:12,9892
f8feba935d6f4845bfee8fff,38.8123192,-77.0133416,2021-08-29 15:33:01,9892
6e00b04054c14b69ae0cf809,38.8124473,-77.013415,2010-04-13 18:43:11,9892
45565c3fe5ac47c5b6a8afdf,38.8123526,-77.0132562,2019-06-11 2:41:22,9892
0d12dc9447734bbe888408f9,38.8125939,-77.0135045,2010-04-13 18:43:11,9892
b11d8deee6604c81850c8a77,38.8125705,-77.013567,2010-04-13 18:43:11,9892
25b9573662104a44be3f4b67,38.8125486,-77.0134769,2010-04-13 18:43:11,9892
3f85d9b937924a8ea8bd2443,38.812599,-77.0134898,2010-04-13 18:43:11,9892
6ea161a405d14feda56e14ef,38.8125484,-77.0135535,2010-04-13 18:43:11,9892
d5ae00a72770410ba4845269,38.81255,-77.0138588,2010-04-13 18:43:11,9892
6d75242d284d4767b6a75243,38.8124243,-77.0134778,2010-04-13 18:43:11,9892
d86b4f6603874727b6251215,38.8125473,-77.0138581,2019-06-11 2:41:22,9892
46a54c6d6a0941418c0b932c,38.8125419,-77.0138586,2010-04-13 18:43:11,9892
bc59c8dd2e7c45308b6687c7,38.8120884,-77.0136622,2010-01-12 4:24:12,9892
53defafbc8cd4b46be880137,38.8125347,-77.0138631,2010-04-13 18:43:11,9892
5acae93478cd45ad88915652,38.81253,-77.0138713,2010-04-13 18:43:11,9892
01f6f4f17f7140af8d929f15,38.8125393,-77.0138596,2010-04-13 18:43:11,9892
8c5c78baedb044848fb52c41,38.8125446,-77.0138581,2010-04-13 18:43:11,9892
b10a27b4d7554f4ebfeee243,38.8125369,-77.0138611,2010-04-13 18:43:11,9892
9cd103d9bb134ad2a1407137,38.8125311,-77.0138682,2010-04-13 18:43:11,9892
36951810285746bcb5a619ad,38.8126925,-77.0122917,2010-07-11 2:40:32,9893
6f8062edc401414cb050083f,38.8126621,-77.0122808,2010-07-11 2:31:30,9893
1cc79328d990404e87b8c836,38.8129538,-77.0117275,2024-11-28 16:22:24,9893
05ff051a3eb844b785fbdb5e,38.8129366,-77.0123208,2010-07-11 2:31:09,9893
f9b925887bef4389a4d09052,38.8128211,-77.0121102,2010-07-11 2:32:14,9893
baf1490f02b449d0a14f64f2,38.8128163,-77.0122669,2010-07-11 2:32:19,9893
cd66ee64509e4feb92b3ee54,38.8129158,-77.0123336,2010-07-11 2:34:03,9893
cede217525e346c0a042d6c8,38.8125784,-77.0122141,2013-10-26 4:15:32,9893
d574a33feafa499a89590be2,38.8127945,-77.0119985,2010-07-11 2:33:57,9893
5cd7bea469014999bb21dbd5,38.8128588,-77.0121816,2010-07-11 2:30:42,9893
e7f47626a78f45c0a22494f5,38.8128369,-77.0121583,2010-07-11 2:37:16,9893
2f386da8a58d4167bae93f03,38.8128515,-77.0122808,2010-07-11 2:28:16,9893
c5714122b11f45068df797af,38.8127811,-77.0119613,2010-07-11 2:29:34,9893
e82da0fb0fa34634bb989427,38.8129352,-77.0123041,2010-07-11 2:37:53,9893
83ab1767f3b04489971d7d06,38.8129347,-77.0115824,2012-10-06 1:30:20,9893
83c03ff2750b40cd81d04dad,38.8125051,-77.0128154,2010-04-13 18:43:12,9893
54a16e86785a4f329804c267,38.8125053,-77.0128148,2010-04-13 18:43:12,9893
b6d1556543564862a1d8b1c3,38.8126172,-77.0122529,2010-07-11 2:36:19,9893
404ca0f5649f48e695f62e0a,38.8126802,-77.0120837,2010-07-11 2:49:19,9893
a13201e86f5a494bafee8203,38.8127435,-77.0122855,2010-07-11 2:47:46,9893
0993df4090044731acaa5b16,38.8127434,-77.0120026,2010-07-11 2:50:52,9893
fa9269d4b53f41508e594ce9,38.8129328,-77.0123305,2010-07-11 2:50:59,9893
28b03abfbb9e4fb39709210f,38.8124467,-77.012779,2010-04-13 18:43:14,9893
7ccc16eed60a4308bbec6fb5,38.8127366,-77.0125717,2010-04-13 18:43:14,9893
4d61a7536ec7434995e39576,38.8127014,-77.0126788,2010-04-13 18:43:14,9893
7de10ea9559c4909a7f3f889,38.8127187,-77.012562,2010-04-13 18:43:14,9893
50a55e6af1b745ce87522d6e,38.8123151,-77.0125016,2013-10-26 4:15:32,9893
3c34b5fb974d44ac8c2637dc,38.8129266,-77.0114136,2020-07-19 0:26:59,9893
46c1f0aaaf314606b190ab7c,38.8130142,-77.0121218,2012-10-06 1:30:13,9893
51ddf89618134b228ca17795,38.8129877,-77.0119856,2010-02-15 10:30:06,9893
b15d23b4fabb401e9e4e6486,38.8126835,-77.0126692,2010-04-13 18:43:14,9893
2b506de353d441549b8a1b98,38.8129158,-77.0122684,2010-07-11 2:35:20,9893
77e919a936e6494b96e4001c,38.8148613,-77.0120194,2010-04-13 18:43:22,9894
504fcafd24934eb79aa40b67,38.8132291,-77.01145,2010-07-11 2:29:40,9894
753d9f44e82e4ca29a270ce7,38.8139642,-77.0126568,2018-03-06 7:31:53,9894
11387ba349724c829510fc1f,38.8137239,-77.0125186,2018-03-06 7:31:53,9894
ccbfd7ad52b94331a837f212,38.8136403,-77.0124543,2018-03-06 7:31:53,9894
f3b95e5ab23a469ba5b80d50,38.8136173,-77.0123939,2018-03-06 7:31:53,9894
725379913d784a9f84e77287,38.8136257,-77.0123295,2018-03-06 7:31:53,9894
e5779105601749d3a330f30f,38.8136602,-77.0122826,2018-03-06 7:31:53,9894
878bc619affb43e583f8d331,38.8137187,-77.0122826,2018-03-06 7:31:53,9894
9cca7d0cabe74fe398455c0a,38.8137532,-77.0123349,2018-03-06 7:31:53,9894
745225a8601c41ba8f3fd57f,38.8137511,-77.0124167,2018-03-06 7:31:53,9894
c363f74c1c55461a916fedfe,38.8156049,-77.0114883,2010-01-11 2:27:22,9894
2a00c688fc254381bc91406f,38.8130621,-77.0116176,2010-07-11 2:36:22,9894
6ed82220d4ba442b9f598311,38.8130623,-77.0122375,2012-10-06 1:30:20,9894
7cbe7a3456674e269850b9cb,38.8132139,-77.0123858,2012-10-06 1:30:20,9894
9daf4e5ec4344fdf8e663146,38.8136586,-77.0126106,2010-02-15 10:30:07,9894
dd39d20beb8d48578ebd80b5,38.8138258,-77.0127152,2010-02-15 10:30:07,9894
73038e51e228417e9597e86c,38.8131641,-77.0115142,2010-07-11 2:34:06,9894
52f271a7a554478b94801ce1,38.8156033,-77.0114969,2010-01-11 2:27:22,9894
208d259d29c94001a711cca4,38.8156412,-77.0114639,2010-01-11 2:27:22,9894
7d539b2e134f4891ab4772b8,38.8130906,-77.0115953,2010-07-11 2:27:37,9894
763a1977b2ae418d8916f348,38.8156336,-77.0114976,2010-01-11 2:27:22,9894
f3f8e9e27ea7477db504f41a,38.8155945,-77.011495,2010-01-11 2:27:22,9894
1c814bd347fc43e0a6cf1446,38.8155651,-77.0116049,2010-01-11 2:27:22,9894
f1439c768b7b4a57abcd49f7,38.8155737,-77.0116011,2010-01-11 2:27:22,9894
d664aa5548b34a4fa06bd736,38.8155925,-77.0116919,2010-01-11 2:27:22,9894
57a2e1538e7e4b85a56d63dd,38.8155839,-77.0117444,2010-01-11 2:27:22,9894
e67048a34bb7408c8491f2fc,38.8155813,-77.0116949,2010-01-11 2:27:22,9894
25fc7a6679b64d0c90d77e27,38.813962,-77.0114461,2010-04-13 18:43:17,9894
b48cfd3388fe4169a02521cc,38.8135213,-77.0118678,2010-04-13 18:43:16,9894
d1552438f7db4774b9352f2d,38.8135125,-77.0119289,2010-04-13 18:43:16,9894
589954a26f3d4652a69c7aee,38.8134508,-77.0119143,2010-04-13 18:43:16,9894
54641fdc06b84a07a81c0167,38.8134443,-77.0120666,2010-04-13 18:43:16,9894
df75e02be86843d4971340d1,38.8134473,-77.0120451,2010-04-13 18:43:16,9894
236aad1bfc114823a1298ba7,38.8134325,-77.0120416,2010-04-13 18:43:16,9894
9237416787ec4796a3f4ec7f,38.8137071,-77.0119117,2010-04-13 18:43:16,9894
e464a85eeef9430983c40a05,38.8139524,-77.0114449,2010-04-13 18:43:16,9894
1924da273f164c64b1894d7f,38.8139618,-77.0114434,2010-04-13 18:43:16,9894
3714cbe0f3584dceae680537,38.8139593,-77.0120342,2010-04-13 18:43:17,9894
4f8858a8f35a4004b85b8e57,38.8134897,-77.0120773,2010-04-13 18:43:16,9894
26731d07b47f45ee90172d5f,38.813968,-77.0119735,2010-04-13 18:43:17,9894
65de92fd2a8f4e60ad1ac0ab,38.8137863,-77.0119305,2010-04-13 18:43:17,9894
5bd19f5795ea4cb2aa8fba48,38.8141205,-77.0124354,2010-04-13 18:43:17,9894
9e401ccb567e420fbcde7ab2,38.8141251,-77.0124214,2010-04-13 18:43:17,9894
94ef0291ca6643e38d9ffb1e,38.8140152,-77.0123789,2010-04-13 18:43:17,9894
dc9b1b6a6b914fd68352c9c6,38.8140115,-77.0121042,2010-04-13 18:43:17,9894
b58957e4b3824084bc8495c1,38.8145755,-77.011608,2020-01-22 11:13:31,9894
66d4b1c958614828bd5df611,38.814636,-77.0127133,2010-04-13 18:43:17,9894
df247e5447f24e03bc744141,38.8145315,-77.0126572,2010-04-13 18:43:17,9894
700fff41a97d4bcb89131f1d,38.8138417,-77.0122142,2010-04-13 18:43:16,9894
a3f850614d3f460dba328a18,38.8137009,-77.0122181,2010-04-13 18:43:15,9894
fe0b680bef1742f4a28c6c2f,38.8138016,-77.0122196,2010-04-13 18:43:15,9894
31bffe507ce04eb980e5647a,38.8138396,-77.0122286,2010-04-13 18:43:15,9894
db445cbe85524aa19bdcb3aa,38.8154638,-77.0127609,2010-04-13 18:43:22,9894
c715dc36a8fc4656bd0fa7af,38.8138786,-77.012226,2010-04-13 18:43:15,9894
06ad9003753843fabfbecac0,38.8138557,-77.012232,2010-04-13 18:43:15,9894
829a5215df554deca8d67291,38.8138771,-77.012237,2010-04-13 18:43:15,9894
06d3f63484ce4396ac4a165c,38.8138577,-77.012218,2010-04-13 18:43:15,9894
44b7a44976ab4b0d950f5def,38.8139289,-77.0122507,2010-04-13 18:43:16,9894
64ace1d950af47c5b25e51a1,38.8151781,-77.0114962,2010-04-13 18:43:22,9894
fd63eeb120b642b79f1846ef,38.8145365,-77.0126421,2010-04-13 18:43:17,9894
65c8814449ee43108332e20e,38.8139873,-77.0121737,2010-04-13 18:43:16,9894
2beadeb98063411086ad2d9b,38.814001,-77.012177,2010-04-13 18:43:16,9894
b88c9a0f24134c0bb5e58694,38.813894,-77.0122426,2010-04-13 18:43:16,9894
119043a4daaa49d1ba9d420a,38.8139275,-77.0122504,2010-04-13 18:43:16,9894
bc81208380814c27924a1e59,38.8139844,-77.0121933,2010-04-13 18:43:16,9894
486019d4782b4c08bedcaf3e,38.8139388,-77.0121825,2010-04-13 18:43:16,9894
a83bdb9d5c364545bedbf5e0,38.8138958,-77.01223,2010-04-13 18:43:16,9894
cbf55f6fd48441dfbdd22e08,38.8139292,-77.0122484,2010-04-13 18:43:16,9894
1ef39118bafe4000a8122a70,38.8139239,-77.0122496,2010-04-13 18:43:16,9894
892a42ec0de24e7cb20c5192,38.8153533,-77.0127009,2010-04-13 18:43:21,9894
23a11873098e41fb84efc943,38.8145824,-77.0119769,2010-04-13 18:43:17,9894
a71aa33645094ae0997d1767,38.8146889,-77.0118424,2010-04-13 18:43:17,9894
35986ea8ef044e0c8b9c129c,38.8144567,-77.0119192,2010-04-13 18:43:17,9894
91b87aeda53c453380b32285,38.8150196,-77.0127563,2010-04-13 18:43:21,9894
1e770bfdaecb4aa5b59b1337,38.8148331,-77.0121043,2010-04-13 18:43:21,9894
8894cd08ddf2426fa2880713,38.8150333,-77.01276,2010-04-13 18:43:21,9894
28aab25363d04e8ab7f62641,38.8150208,-77.0127532,2010-04-13 18:43:21,9894
8074f9504ede4c6aa699f3b4,38.815027,-77.0126948,2010-04-13 18:43:21,9894
3e1a29dd13504d999ef26b70,38.8153446,-77.0126962,2010-04-13 18:43:21,9894
42ea32c3cf4a4f1291449073,38.8150751,-77.01255,2010-04-13 18:43:21,9894
36baf6d6d69041b2a5d8a831,38.8146351,-77.0120056,2010-04-13 18:43:17,9894
a977231ad0af4a53a8b3ad0b,38.8150417,-77.0127349,2010-04-13 18:43:21,9894
6f1663cf9cc54922a1c10117,38.8150836,-77.0127255,2010-04-13 18:43:21,9894
3cc5793d58544ad4a7225e67,38.8150746,-77.0127528,2010-04-13 18:43:22,9894
b5aea89f89784d7aa919ff17,38.8147286,-77.0120477,2010-04-13 18:43:22,9894
718efd4da8de4dc990960e1f,38.8147238,-77.0120623,2010-04-13 18:43:22,9894
a2b6b702c09b41399fd6b810,38.8148652,-77.011949,2010-04-13 18:43:22,9894
a2097ba634c34b9594e31e58,38.8148767,-77.0120278,2010-04-13 18:43:22,9894
71f8373ac64342a5b854852a,38.8148972,-77.0119663,2010-04-13 18:43:22,9894
455bc47d8c024bee83719161,38.8148709,-77.0119317,2010-04-13 18:43:22,9894
d06a63152b5f4737a6911cc9,38.8142098,-77.0117715,2010-04-13 18:43:17,9894
05e0ab709bd1452d932d9b96,38.8140196,-77.0120485,2010-04-13 18:43:17,9894
27ec85177abf47f384799741,38.8140263,-77.011436,2010-04-13 18:43:17,9894
5db63f9ec2cc441fbdbd180c,38.814276,-77.0116348,2010-04-13 18:43:17,9894
a2912be1581747beaa4cb286,38.8142584,-77.0116252,2010-04-13 18:43:17,9894
29ad8e2ecd0643df888943e1,38.8141208,-77.0114224,2010-04-13 18:43:17,9894
85e5c107acf4410da20a0654,38.8142827,-77.0116144,2010-04-13 18:43:17,9894
149ab6781b3d41e5bff1921f,38.8141218,-77.0114328,2010-04-13 18:43:17,9894
ca457378aba044c1bdb3e159,38.8141232,-77.0114221,2010-04-13 18:43:17,9894
85ed99aa0be5401a9c64735c,38.8140273,-77.0114479,2010-04-13 18:43:17,9894
e4e8303e14db44439a36439c,38.8151918,-77.0116007,2010-01-12 4:24:16,9894
399b4534453e4b74b42a2ec5,38.8143133,-77.0118414,2010-04-13 18:43:17,9894
ab8cc7ffc0434b07837bf329,38.8143172,-77.0118296,2010-04-13 18:43:17,9894
1592140cb1d146a4b7adc41c,38.8140135,-77.0120908,2010-04-13 18:43:17,9894
d256afa3be63465bbd316a02,38.8144391,-77.0119723,2010-04-13 18:43:17,9894
8d59fcec6c9a4f5db9532082,38.8145004,-77.0117401,2010-04-13 18:43:17,9894
29d6428e5ad34b45bc263cfb,38.8145561,-77.0120562,2010-04-13 18:43:17,9894
07adbdf0fba44bd7af45df6b,38.8146915,-77.0118344,2010-04-13 18:43:17,9894
2e3bed2809204c75a2e33108,38.8146327,-77.0120129,2010-04-13 18:43:17,9894
1bb06fdf65ae4033ad277711,38.8145025,-77.0117337,2010-04-13 18:43:17,9894
a6f33106d09c4d8197d7c877,38.8134798,-77.0121453,2010-04-13 18:43:15,9894
47ae4f9dc2684aa9a2a2db72,38.8136259,-77.0121653,2010-04-13 18:43:15,9894
5bb18870aafd4516b7a6a3b6,38.8136239,-77.0121793,2010-04-13 18:43:15,9894
d49143f3eb2246e9a4c2f05c,38.8135729,-77.0121496,2010-04-13 18:43:15,9894
dc494b4ff2a0438ab24368fc,38.8135706,-77.0121651,2010-04-13 18:43:15,9894
8b898aee4d374f39b34dc9aa,38.8130396,-77.0116217,2022-01-03 18:45:09,9894
5365e7f61ca841b29f87a5c0,38.8135187,-77.0121406,2010-04-13 18:43:15,9894
f087f1ca6db04d82824352d4,38.8135342,-77.0121443,2010-04-13 18:43:15,9894
013cb0879469442ca7fb565a,38.8135325,-77.0121563,2010-04-13 18:43:15,9894
75b3f60f30bc4af5a67c0a26,38.8135571,-77.0121458,2010-04-13 18:43:15,9894
f2ab3f32217d4218989a313a,38.8136083,-77.012174,2010-04-13 18:43:15,9894
06e029bbd7b842e496ea13ba,38.8135168,-77.0121541,2010-04-13 18:43:15,9894
1086db11caed4c03812304e3,38.8136102,-77.0121615,2010-04-13 18:43:15,9894
354383328db64ad38fe79c2d,38.8139763,-77.0125499,2010-04-13 18:43:15,9894
c514316bcc5b4ab4a6f3a611,38.8139622,-77.0125266,2010-04-13 18:43:15,9894
d7475aa9d66d4915aaa36c75,38.8139865,-77.0124662,2010-04-13 18:43:15,9894
a877bd4f3347438db17717d8,38.8139827,-77.0124642,2010-04-13 18:43:15,9894
3219951e550f4146aab19624,38.8156014,-77.0118596,2010-04-13 18:43:22,9894
20bf8f6135a740f6a12ddf2e,38.8135549,-77.0121616,2010-04-13 18:43:15,9894